Workbook

Sheet LetterGrades-CSL100-Intro_Progr
A1: Vaibhav Khatri | B1: B24DS035 | C1: A- | D1: vaibhavkh@iitbhilai.ac.in | E1: 36.5 | F1: 29 | G1: =0.5*(E1+F1) -> 32.75 | H1: 15 | I1: 18 | J1: 18 | K1: =H1/4+I1/4+J1/9 -> 10.25 | L1: 80 | M1: 198 | N1: 190 | O1: =max(M1:N1) -> 198 | P1: 95 | Q1: =L1/20+O1/40+P1/20 -> 13.7 | R1: 7 | S1: 9 | T1: 7 | U1: 12 | V1: 15 | W1: 14 | X1: 20 | Y1: 29 | Z1: 29 | AA1: 30 | AB1: 30 | AC1: =SUM(R1:AB1)/20 -> 10.1 | AD1: 50 | AE1: 330 | AF1: 1 | AG1: =(AC1*AF1) -> 10.1 | AH1: =(AD1+AE1)/40 -> 9.5 | AI1: =G1+K1+Q1+AG1+AH1 -> 76.3
A2: KILAPARTHI PARVEEN SATYA TEJA | B2: B24EC013 | C2: A | D2: kilaparthipst@iitbhilai.ac.in | E2: 44 | F2: 30 | G2: =0.5*(E2+F2) -> 37 | H2: 15 | I2: 17 | J2: 24 | K2: =H2/4+I2/4+J2/9 -> 10.666667 | L2: 90 | M2: 190 | N2: 200 | O2: =max(M2:N2) -> 200 | P2: 95 | Q2: =L2/20+O2/40+P2/20 -> 14.25 | R2: 7 | S2: 6 | T2: 8 | U2: 12 | V2: 15 | W2: 15 | X2: 20 | Y2: 30 | Z2: 30 | AA2: 30 | AB2: 30 | AC2: =SUM(R2:AB2)/20 -> 10.15 | AD2: 50 | AE2: 330 | AF2: 1 | AG2: =(AC2*AF2) -> 10.15 | AH2: =(AD2+AE2)/40 -> 9.5 | AI2: =G2+K2+Q2+AG2+AH2 -> 81.566667
A3: MANEPALLI SRITEJA | B3: B24EC016 | C3: A | D3: manepallivdst@iitbhilai.ac.in | E3: 47 | F3: 34 | G3: =0.5*(E3+F3) -> 40.5 | H3: 15 | I3: 19 | J3: 26 | K3: =H3/4+I3/4+J3/9 -> 11.388889 | L3: 95 | M3: 190 | N3: 200 | O3: =max(M3:N3) -> 200 | P3: 95 | Q3: =L3/20+O3/40+P3/20 -> 14.5 | R3: 7 | S3: 7 | T3: 9 | U3: 13 | V3: 15 | W3: 15 | X3: 20 | Y3: 25 | Z3: 28 | AA3: 30 | AB3: 28 | AC3: =SUM(R3:AB3)/20 -> 9.85 | AD3: 50 | AE3: 330 | AF3: 0.5 | AG3: =(AC3*AF3) -> 4.925 | AH3: =(AD3+AE3)/40 -> 9.5 | AI3: =G3+K3+Q3+AG3+AH3 -> 80.813889
A4: SAINI AMAN | B4: B24MT001 | C4: A- | D4: 101624671656031679776 | E4: 45 | F4: 25 | G4: =0.5*(E4+F4) -> 35 | H4: 8 | I4: 18 | J4: 26 | K4: =H4/4+I4/4+J4/9 -> 9.3888889 | L4: 95 | M4: 190 | N4: 190 | O4: =max(M4:N4) -> 190 | P4: 95 | Q4: =L4/20+O4/40+P4/20 -> 14.25 | R4: 6 | U4: 12 | V4: 15 | W4: 15 | X4: 20 | Y4: 25 | Z4: 30 | AA4: 30 | AC4: =SUM(R4:AB4)/20 -> 7.65 | AD4: 50 | AE4: 330 | AF4: 1 | AG4: =(AC4*AF4) -> 7.65 | AH4: =(AD4+AE4)/40 -> 9.5 | AI4: =G4+K4+Q4+AG4+AH4 -> 75.788889
A5: Abhinav | B5: B25CS002 | C5: A | D5: abhinav@iitbhilai.ac.in | E5: =VLOOKUP(B5, 'CSE-Sandeep'!$B$2:$G$61,5) -> 45 | F5: 32 | G5: =0.5*(E5+F5) -> 38.5 | H5: 13 | I5: 13 | J5: 43 | K5: =H5/4+I5/4+J5/9 -> 11.277778 | L5: 100 | M5: 200 | O5: =max(M5:N5) -> 200 | P5: 98 | Q5: =L5/20+O5/40+P5/20 -> 14.9 | R5: 7 | S5: 8 | T5: 15 | U5: 15 | V5: 14 | W5: 15 | X5: 20 | Y5: 30 | Z5: 30 | AA5: 3 | AC5: =SUM(R5:AB5)/20 -> 7.85 | AD5: 40 | AE5: 335 | AF5: 1 | AG5: =(AC5*AF5) -> 7.85 | AH5: =(AD5+AE5)/40 -> 9.375 | AI5: =G5+K5+Q5+AG5+AH5 -> 81.902778
A6: ADHIA SOHAM | B6: B25CS003 | C6: A- | D6: adhiasoham@iitbhilai.ac.in | E6: =VLOOKUP(B6, 'CSE-Sandeep'!$B$2:$G$61,5) -> 36 | F6: 31 | G6: =0.5*(E6+F6) -> 33.5 | H6: 17 | I6: 17 | J6: 32.5 | K6: =H6/4+I6/4+J6/9 -> 12.111111 | L6: 100 | M6: 200 | O6: =max(M6:N6) -> 200 | P6: 100 | Q6: =L6/20+O6/40+P6/20 -> 15 | R6: 6 | S6: 8 | T6: 14 | U6: 10 | V6: 15 | W6: 13 | X6: 19 | Y6: 30 | Z6: 0 | AA6: 29 | AB6: 30 | AC6: =SUM(R6:AB6)/20 -> 8.7 | AD6: 50 | AE6: 340 | AF6: 1 | AG6: =(AC6*AF6) -> 8.7 | AH6: =(AD6+AE6)/40 -> 9.75 | AI6: =G6+K6+Q6+AG6+AH6 -> 79.061111
A7: ADITYA JAISWAL | B7: B25CS004 | C7: A | D7: adityajaiswal@iitbhilai.ac.in | E7: =VLOOKUP(B7, 'CSE-Sandeep'!$B$2:$G$61,5) -> 50 | F7: 35 | G7: =0.5*(E7+F7) -> 42.5 | H7: 16 | I7: 16 | J7: 45 | K7: =H7/4+I7/4+J7/9 -> 13 | L7: 90 | M7: 200 | O7: =max(M7:N7) -> 200 | P7: 100 | Q7: =L7/20+O7/40+P7/20 -> 14.5 | R7: 7 | S7: 6 | T7: 14 | U7: 0 | V7: 15 | W7: 15 | X7: 20 | Y7: 30 | Z7: 30 | AA7: 30 | AB7: 30 | AC7: =SUM(R7:AB7)/20 -> 9.85 | AD7: 30 | AE7: 335 | AF7: 1 | AG7: =(AC7*AF7) -> 9.85 | AH7: =(AD7+AE7)/40 -> 9.125 | AI7: =G7+K7+Q7+AG7+AH7 -> 88.975
A8: AKSHAT KANSAL | B8: B25CS005 | C8: B | D8: akshatkansal@iitbhilai.ac.in | E8: =VLOOKUP(B8, 'CSE-Sandeep'!$B$2:$G$61,5) -> 37 | F8: 33 | G8: =0.5*(E8+F8) -> 35 | H8: 11 | I8: 11 | J8: 32 | K8: =H8/4+I8/4+J8/9 -> 9.0555556 | L8: 100 | M8: 200 | O8: =max(M8:N8) -> 200 | P8: 85 | Q8: =L8/20+O8/40+P8/20 -> 14.25 | R8: 6 | S8: 8 | T8: 15 | U8: 10 | V8: 11 | W8: 14 | X8: 20 | Y8: 30 | Z8: 30 | AA8: 30 | AC8: =SUM(R8:AB8)/20 -> 8.7 | AD8: 50 | AE8: 340 | AF8: 0.5 | AG8: =(AC8*AF8) -> 4.35 | AH8: =(AD8+AE8)/40 -> 9.75 | AI8: =G8+K8+Q8+AG8+AH8 -> 72.405556
A9: ANKIT GYEN | B9: B25CS006 | C9: A | D9: ankitgyen@iitbhilai.ac.in | E9: =VLOOKUP(B9, 'CSE-Sandeep'!$B$2:$G$61,5) -> 46 | F9: 37 | G9: =0.5*(E9+F9) -> 41.5 | H9: 17 | I9: 17 | J9: 37 | K9: =H9/4+I9/4+J9/9 -> 12.611111 | L9: 95 | M9: 200 | O9: =max(M9:N9) -> 200 | Q9: =L9/20+O9/40+P9/20 -> 9.75 | R9: 6 | S9: 7 | T9: 15 | U9: 8 | V9: 15 | W9: 14 | X9: 20 | Y9: 30 | Z9: 0 | AA9: 30 | AC9: =SUM(R9:AB9)/20 -> 7.25 | AD9: 30 | AE9: 340 | AF9: 1 | AG9: =(AC9*AF9) -> 7.25 | AH9: =(AD9+AE9)/40 -> 9.25 | AI9: =G9+K9+Q9+AG9+AH9 -> 80.361111
A10: Anugu Raghupathi | B10: B25CS007 | C10: B- | D10: anuguraghu@iitbhilai.ac.in | E10: =VLOOKUP(B10, 'CSE-Sandeep'!$B$2:$G$61,5) -> 24 | F10: 18 | G10: =0.5*(E10+F10) -> 21 | H10: 15 | I10: 15 | J10: 35 | K10: =H10/4+I10/4+J10/9 -> 11.388889 | L10: 85 | M10: 180 | O10: =max(M10:N10) -> 180 | Q10: =L10/20+O10/40+P10/20 -> 8.75 | R10: 5 | S10: 5 | T10: 14 | U10: 10 | V10: 15 | W10: 12 | X10: 20 | Y10: 30 | Z10: 24 | AA10: 29 | AB10: 29 | AC10: =SUM(R10:AB10)/20 -> 9.65 | AD10: 40 | AE10: 340 | AF10: 1 | AG10: =(AC10*AF10) -> 9.65 | AH10: =(AD10+AE10)/40 -> 9.5 | AI10: =G10+K10+Q10+AG10+AH10 -> 60.288889
A11: ARYAMAAN SINGH | B11: B25CS008 | C11: A | D11: aryamaansingh@iitbhilai.ac.in | E11: =VLOOKUP(B11, 'CSE-Sandeep'!$B$2:$G$61,5) -> 47 | F11: 33 | G11: =0.5*(E11+F11) -> 40 | H11: 11 | I11: 11 | J11: 35.5 | K11: =H11/4+I11/4+J11/9 -> 9.4444444 | L11: 95 | M11: 190 | O11: =max(M11:N11) -> 190 | P11: 92 | Q11: =L11/20+O11/40+P11/20 -> 14.1 | R11: 6 | S11: 8 | T11: 14 | U11: 10 | V11: 15 | W11: 14 | X11: 20 | Y11: 30 | Z11: 30 | AA11: 30 | AC11: =SUM(R11:AB11)/20 -> 8.85 | AD11: 50 | AE11: 330 | AF11: 1 | AG11: =(AC11*AF11) -> 8.85 | AH11: =(AD11+AE11)/40 -> 9.5 | AI11: =G11+K11+Q11+AG11+AH11 -> 81.894444
A12: ARYAN DESHMUKH | B12: B25CS009 | C12: A | D12: aryanmanish@iitbhilai.ac.in | E12: =VLOOKUP(B12, 'CSE-Sandeep'!$B$2:$G$61,5) -> 40 | F12: 35 | G12: =0.5*(E12+F12) -> 37.5 | H12: 16 | I12: 16 | J12: 45 | K12: =H12/4+I12/4+J12/9 -> 13 | L12: 95 | M12: 170 | N12: 195 | O12: =max(M12:N12) -> 195 | P12: 95 | Q12: =L12/20+O12/40+P12/20 -> 14.375 | R12: 7 | S12: 5 | T12: 14 | U12: 8 | V12: 15 | W12: 14 | X12: 20 | Y12: 30 | Z12: 30 | AA12: 30 | AB12: 30 | AC12: =SUM(R12:AB12)/20 -> 10.15 | AD12: 50 | AE12: 340 | AF12: 1 | AG12: =(AC12*AF12) -> 10.15 | AH12: =(AD12+AE12)/40 -> 9.75 | AI12: =G12+K12+Q12+AG12+AH12 -> 84.775
A13: ARYAVEER SINGH RAWAT | B13: B25CS010 | C13: A+ | D13: aryaveersingh@iitbhilai.ac.in | E13: =VLOOKUP(B13, 'CSE-Sandeep'!$B$2:$G$61,5) -> 51 | F13: 40 | G13: =0.5*(E13+F13) -> 45.5 | H13: 19 | I13: 19 | J13: 40 | K13: =H13/4+I13/4+J13/9 -> 13.944444 | L13: 100 | M13: 190 | O13: =max(M13:N13) -> 190 | P13: 85 | Q13: =L13/20+O13/40+P13/20 -> 14 | R13: 7 | S13: 9 | T13: 15 | U13: 11 | V13: 15 | W13: 15 | X13: 20 | Y13: 30 | Z13: 30 | AA13: 30 | AB13: 30 | AC13: =SUM(R13:AB13)/20 -> 10.6 | AD13: 50 | AE13: 335 | AF13: 1 | AG13: =(AC13*AF13) -> 10.6 | AH13: =(AD13+AE13)/40 -> 9.625 | AI13: =G13+K13+Q13+AG13+AH13 -> 93.669444
A14: BHARGAV SHARMA | B14: B25CS011 | C14: A+ | D14: bhargavsharma@iitbhilai.ac.in | E14: =VLOOKUP(B14, 'CSE-Sandeep'!$B$2:$G$61,5) -> 46 | F14: 37 | G14: =0.5*(E14+F14) -> 41.5 | H14: 19 | I14: 19 | J14: 45 | K14: =H14/4+I14/4+J14/9 -> 14.5 | L14: 100 | M14: 200 | O14: =max(M14:N14) -> 200 | P14: 95 | Q14: =L14/20+O14/40+P14/20 -> 14.75 | R14: 7 | S14: 9 | T14: 15 | U14: 11 | V14: 15 | W14: 14 | X14: 20 | Y14: 30 | Z14: 30 | AA14: 30 | AB14: 30 | AC14: =SUM(R14:AB14)/20 -> 10.55 | AD14: 30 | AE14: 340 | AF14: 1 | AG14: =(AC14*AF14) -> 10.55 | AH14: =(AD14+AE14)/40 -> 9.25 | AI14: =G14+K14+Q14+AG14+AH14 -> 90.55
A15: KHANDELWAL BHAVYA SANTKUMAR | B15: B25CS012 | C15: A | D15: bhavyasantku@iitbhilai.ac.in | E15: =VLOOKUP(B15, 'CSE-Sandeep'!$B$2:$G$61,5) -> 50 | F15: 35 | G15: =0.5*(E15+F15) -> 42.5 | H15: 17 | I15: 17 | J15: 34 | K15: =H15/4+I15/4+J15/9 -> 12.277778 | L15: 76 | M15: 190 | O15: =max(M15:N15) -> 190 | P15: 89 | Q15: =L15/20+O15/40+P15/20 -> 13 | R15: 7 | S15: 7 | T15: 14 | U15: 0 | V15: 14 | W15: 14 | X15: 0 | Y15: 30 | Z15: 26 | AA15: 29 | AB15: 28 | AC15: =SUM(R15:AB15)/20 -> 8.45 | AD15: 30 | AE15: 340 | AF15: 1 | AG15: =(AC15*AF15) -> 8.45 | AH15: =(AD15+AE15)/40 -> 9.25 | AI15: =G15+K15+Q15+AG15+AH15 -> 85.477778
A16: NITEESH BODA | B16: B25CS013 | C16: B | D16: bodaniteesh@iitbhilai.ac.in | E16: =VLOOKUP(B16, 'CSE-Sandeep'!$B$2:$G$61,5) -> 38 | F16: 19 | G16: =0.5*(E16+F16) -> 28.5 | H16: 6 | I16: 6 | J16: 35 | K16: =H16/4+I16/4+J16/9 -> 6.8888889 | L16: 90 | M16: 180 | O16: =max(M16:N16) -> 180 | P16: 89 | Q16: =L16/20+O16/40+P16/20 -> 13.45 | R16: 7 | S16: 2 | T16: 15 | U16: 10 | V16: 14 | W16: 14 | X16: 20 | Y16: 30 | Z16: 30 | AA16: 28 | AB16: 28 | AC16: =SUM(R16:AB16)/20 -> 9.9 | AD16: 30 | AE16: 335 | AF16: 1 | AG16: =(AC16*AF16) -> 9.9 | AH16: =(AD16+AE16)/40 -> 9.125 | AI16: =G16+K16+Q16+AG16+AH16 -> 67.863889
A17: DIPA SAHA | B17: B25CS014 | C17: C | D17: dipasaha@iitbhilai.ac.in | E17: =VLOOKUP(B17, 'CSE-Sandeep'!$B$2:$G$61,5) -> 23 | F17: 2 | G17: =0.5*(E17+F17) -> 12.5 | H17: 7 | I17: 7 | J17: 19 | K17: =H17/4+I17/4+J17/9 -> 5.6111111 | L17: 90 | M17: 180 | O17: =max(M17:N17) -> 180 | P17: 95 | Q17: =L17/20+O17/40+P17/20 -> 13.75 | R17: 6 | S17: 7 | T17: 14 | U17: 0 | V17: 14 | W17: 14 | X17: 20 | Y17: 30 | Z17: 30 | AA17: 28 | AB17: 28 | AC17: =SUM(R17:AB17)/20 -> 9.55 | AD17: 50 | AE17: 340 | AF17: 1 | AG17: =(AC17*AF17) -> 9.55 | AH17: =(AD17+AE17)/40 -> 9.75 | AI17: =G17+K17+Q17+AG17+AH17 -> 51.161111
A18: DISHANK VERMA | B18: B25CS015 | C18: C- | D18: dishankverma@iitbhilai.ac.in | E18: =VLOOKUP(B18, 'CSE-Sandeep'!$B$2:$G$61,5) -> 21 | F18: 11 | G18: =0.5*(E18+F18) -> 16 | H18: 6 | I18: 6 | J18: 18 | K18: =H18/4+I18/4+J18/9 -> 5 | L18: 87 | M18: 180 | O18: =max(M18:N18) -> 180 | P18: 85 | Q18: =L18/20+O18/40+P18/20 -> 13.1 | R18: 5 | S18: 4 | T18: 15 | U18: 5 | V18: 5 | W18: 14 | X18: 0 | Y18: 30 | AA18: 28 | AC18: =SUM(R18:AB18)/20 -> 5.3 | AD18: 50 | AE18: 330 | AF18: 1 | AG18: =(AC18*AF18) -> 5.3 | AH18: =(AD18+AE18)/40 -> 9.5 | AI18: =G18+K18+Q18+AG18+AH18 -> 48.9
A19: DIVYANSH KORI | B19: B25CS016 | C19: A+ | D19: divyanshkori@iitbhilai.ac.in | E19: =VLOOKUP(B19, 'CSE-Sandeep'!$B$2:$G$61,5) -> 54 | F19: 36 | G19: =0.5*(E19+F19) -> 45 | H19: 20 | I19: 20 | J19: 36 | K19: =H19/4+I19/4+J19/9 -> 14 | L19: 100 | M19: 180 | O19: =max(M19:N19) -> 180 | P19: 100 | Q19: =L19/20+O19/40+P19/20 -> 14.5 | R19: 7 | S19: 9 | T19: 14 | U19: 8 | V19: 15 | W19: 14 | X19: 20 | Y19: 30 | Z19: 21 | AA19: 30 | AB19: 30 | AC19: =SUM(R19:AB19)/20 -> 9.9 | AD19: 50 | AE19: 340 | AF19: 1 | AG19: =(AC19*AF19) -> 9.9 | AH19: =(AD19+AE19)/40 -> 9.75 | AI19: =G19+K19+Q19+AG19+AH19 -> 93.15
A20: HUSEN FARUKH | B20: B25CS017 | C20: B | D20: farukhhusen@iitbhilai.ac.in | E20: =VLOOKUP(B20, 'CSE-Sandeep'!$B$2:$G$61,5) -> 41 | F20: 28 | G20: =0.5*(E20+F20) -> 34.5 | H20: 8 | I20: 8 | J20: 29 | K20: =H20/4+I20/4+J20/9 -> 7.2222222 | L20: 80 | M20: 180 | O20: =max(M20:N20) -> 180 | P20: 91 | Q20: =L20/20+O20/40+P20/20 -> 13.05 | R20: 6 | S20: 5 | T20: 14 | U20: 8 | V20: 13 | W20: 14 | X20: 19 | Y20: 30 | AA20: 28 | AB20: 28 | AC20: =SUM(R20:AB20)/20 -> 8.25 | AD20: 30 | AE20: 330 | AF20: 1 | AG20: =(AC20*AF20) -> 8.25 | AH20: =(AD20+AE20)/40 -> 9 | AI20: =G20+K20+Q20+AG20+AH20 -> 72.022222
A21: GANDI NAVYA | B21: B25CS018 | C21: B | D21: gandinavya@iitbhilai.ac.in | E21: =VLOOKUP(B21, 'CSE-Sandeep'!$B$2:$G$61,5) -> 43 | F21: 20 | G21: =0.5*(E21+F21) -> 31.5 | H21: 10 | I21: 10 | J21: 20.5 | K21: =H21/4+I21/4+J21/9 -> 7.2777778 | L21: 80 | M21: 180 | O21: =max(M21:N21) -> 180 | P21: 98 | Q21: =L21/20+O21/40+P21/20 -> 13.4 | R21: 7 | S21: 6 | T21: 14 | U21: 8 | V21: 15 | W21: 9 | X21: 20 | Y21: 30 | Z21: 18 | AA21: 28 | AC21: =SUM(R21:AB21)/20 -> 7.75 | AD21: 40 | AE21: 340 | AF21: 1 | AG21: =(AC21*AF21) -> 7.75 | AH21: =(AD21+AE21)/40 -> 9.5 | AI21: =G21+K21+Q21+AG21+AH21 -> 69.427778
A22: GEGGELAPALLY VAISHNAVI | B22: B25CS019 | C22: A | D22: geggelapallyv@iitbhilai.ac.in | E22: =VLOOKUP(B22, 'CSE-Sandeep'!$B$2:$G$61,5) -> 43 | F22: 37 | G22: =0.5*(E22+F22) -> 40 | H22: 12 | I22: 12 | J22: 25 | K22: =H22/4+I22/4+J22/9 -> 8.7777778 | L22: 90 | M22: 190 | O22: =max(M22:N22) -> 190 | P22: 90 | Q22: =L22/20+O22/40+P22/20 -> 13.75 | R22: 7 | S22: 8 | T22: 14 | U22: 12 | V22: 15 | W22: 14 | X22: 20 | Y22: 30 | Z22: 20 | AA22: 30 | AB22: 30 | AC22: =SUM(R22:AB22)/20 -> 10 | AE22: 340 | AF22: 1 | AG22: =(AC22*AF22) -> 10 | AH22: =(AD22+AE22)/40 -> 8.5 | AI22: =G22+K22+Q22+AG22+AH22 -> 81.027778
A23: HARSH | B23: B25CS020 | C23: A- | D23: harshr@iitbhilai.ac.in | E23: =VLOOKUP(B23, 'CSE-Sandeep'!$B$2:$G$61,5) -> 37 | F23: 28 | G23: =0.5*(E23+F23) -> 32.5 | H23: 14 | I23: 14 | J23: 40 | K23: =H23/4+I23/4+J23/9 -> 11.444444 | L23: 95 | M23: 190 | O23: =max(M23:N23) -> 190 | P23: 100 | Q23: =L23/20+O23/40+P23/20 -> 14.5 | R23: 6 | S23: 7 | T23: 15 | U23: 10 | V23: 15 | W23: 14 | X23: 17 | Y23: 30 | Z23: 20 | AA23: 30 | AB23: 30 | AC23: =SUM(R23:AB23)/20 -> 9.7 | AD23: 50 | AE23: 330 | AF23: 1 | AG23: =(AC23*AF23) -> 9.7 | AH23: =(AD23+AE23)/40 -> 9.5 | AI23: =G23+K23+Q23+AG23+AH23 -> 77.644444
A24: HARSH VERMA | B24: B25CS021 | C24: A | D24: harshverma@iitbhilai.ac.in | E24: =VLOOKUP(B24, 'CSE-Sandeep'!$B$2:$G$61,5) -> 45 | F24: 36 | G24: =0.5*(E24+F24) -> 40.5 | H24: 13 | I24: 13 | J24: 30.5 | K24: =H24/4+I24/4+J24/9 -> 9.8888889 | L24: 95 | M24: 190 | O24: =max(M24:N24) -> 190 | P24: 100 | Q24: =L24/20+O24/40+P24/20 -> 14.5 | R24: 7 | S24: 8 | T24: 15 | U24: 12 | V24: 15 | W24: 14 | X24: 18 | Y24: 30 | Z24: 23 | AA24: 30 | AB24: 30 | AC24: =SUM(R24:AB24)/20 -> 10.1 | AD24: 30 | AE24: 335 | AF24: 1 | AG24: =(AC24*AF24) -> 10.1 | AH24: =(AD24+AE24)/40 -> 9.125 | AI24: =G24+K24+Q24+AG24+AH24 -> 84.113889
A25: HARSH VINCE | B25: B25CS022 | C25: A | D25: harshvince@iitbhilai.ac.in | E25: =VLOOKUP(B25, 'CSE-Sandeep'!$B$2:$G$61,5) -> 41 | F25: 30 | G25: =0.5*(E25+F25) -> 35.5 | H25: 7 | I25: 16.5 | J25: 40 | K25: =H25/4+I25/4+J25/9 -> 10.319444 | L25: 100 | M25: 200 | O25: =max(M25:N25) -> 200 | P25: 100 | Q25: =L25/20+O25/40+P25/20 -> 15 | R25: 7 | S25: 7 | T25: 15 | U25: 11 | V25: 15 | W25: 15 | X25: 18 | Y25: 30 | Z25: 30 | AA25: 30 | AB25: 30 | AC25: =SUM(R25:AB25)/20 -> 10.4 | AD25: 50 | AE25: 340 | AF25: 1 | AG25: =(AC25*AF25) -> 10.4 | AH25: =(AD25+AE25)/40 -> 9.75 | AI25: =G25+K25+Q25+AG25+AH25 -> 80.969444
A26: HARSHIT VERMA | B26: B25CS023 | C26: A- | D26: harshitverma@iitbhilai.ac.in | E26: =VLOOKUP(B26, 'CSE-Sandeep'!$B$2:$G$61,5) -> 50 | F26: 30 | G26: =0.5*(E26+F26) -> 40 | H26: 12 | I26: 14.5 | J26: 28 | K26: =H26/4+I26/4+J26/9 -> 9.7361111 | L26: 100 | M26: 170 | N26: 195 | O26: =max(M26:N26) -> 195 | Q26: =L26/20+O26/40+P26/20 -> 9.875 | R26: 7 | S26: 5 | T26: 7.5 | U26: 4 | V26: 10 | W26: 15 | X26: 16 | Y26: 30 | Z26: 30 | AA26: 29 | AB26: 28 | AC26: =SUM(R26:AB26)/20 -> 9.075 | AD26: 50 | AE26: 300 | AF26: 1 | AG26: =(AC26*AF26) -> 9.075 | AH26: =(AD26+AE26)/40 -> 8.75 | AI26: =G26+K26+Q26+AG26+AH26 -> 77.436111
A27: HARSHITA ARIMAKALA | B27: B25CS024 | C27: A | D27: harshitaarima@iitbhilai.ac.in | E27: =VLOOKUP(B27, 'CSE-Sandeep'!$B$2:$G$61,5) -> 47 | F27: 31 | G27: =0.5*(E27+F27) -> 39 | H27: 16.5 | I27: 16 | J27: 33 | K27: =H27/4+I27/4+J27/9 -> 11.791667 | L27: 100 | M27: 153 | O27: =max(M27:N27) -> 153 | P27: 98 | Q27: =L27/20+O27/40+P27/20 -> 13.725 | S27: 5 | T27: 15 | U27: 11 | V27: 11 | W27: 15 | X27: 20 | Y27: 30 | Z27: 30 | AA27: 30 | AB27: 30 | AC27: =SUM(R27:AB27)/20 -> 9.85 | AD27: 50 | AE27: 350 | AF27: 1 | AG27: =(AC27*AF27) -> 9.85 | AH27: =(AD27+AE27)/40 -> 10 | AI27: =G27+K27+Q27+AG27+AH27 -> 84.366667
A28: ISHAN UMESH GHATGE | B28: B25CS025 | C28: A- | D28: ishanumesh@iitbhilai.ac.in | E28: =VLOOKUP(B28, 'CSE-Sandeep'!$B$2:$G$61,5) -> 36 | F28: 29 | G28: =0.5*(E28+F28) -> 32.5 | H28: 16 | I28: 13.5 | J28: 35 | K28: =H28/4+I28/4+J28/9 -> 11.263889 | L28: 100 | M28: 200 | O28: =max(M28:N28) -> 200 | P28: 96 | Q28: =L28/20+O28/40+P28/20 -> 14.8 | R28: 7 | S28: 7 | T28: 10 | U28: 12 | V28: 14 | W28: 15 | X28: 20 | Y28: 30 | Z28: 30 | AA28: 29 | AB28: 30 | AC28: =SUM(R28:AB28)/20 -> 10.2 | AD28: 30 | AE28: 330 | AF28: 1 | AG28: =(AC28*AF28) -> 10.2 | AH28: =(AD28+AE28)/40 -> 9 | AI28: =G28+K28+Q28+AG28+AH28 -> 77.763889
A29: JAMBUKIYA PARTH BHARATBHAI | B29: B25CS026 | C29: A | D29: jambukiyaparth@iitbhilai.ac.in | E29: =VLOOKUP(B29, 'CSE-Sandeep'!$B$2:$G$61,5) -> 47 | F29: 27 | G29: =0.5*(E29+F29) -> 37 | H29: 15 | I29: 15 | J29: 35 | K29: =H29/4+I29/4+J29/9 -> 11.388889 | L29: 100 | M29: 195 | O29: =max(M29:N29) -> 195 | P29: 98 | Q29: =L29/20+O29/40+P29/20 -> 14.775 | R29: 6 | S29: 6 | T29: 11.5 | U29: 8 | V29: 15 | W29: 14 | X29: 20 | Y29: 29 | Z29: 30 | AA29: 30 | AB29: 30 | AC29: =SUM(R29:AB29)/20 -> 9.975 | AD29: 50 | AE29: 330 | AF29: 1 | AG29: =(AC29*AF29) -> 9.975 | AH29: =(AD29+AE29)/40 -> 9.5 | AI29: =G29+K29+Q29+AG29+AH29 -> 82.638889
A30: KAKARLA VIJAYA RAMI REDDY | B30: B25CS027 | C30: FS | D30: kakarlavijaya@iitbhilai.ac.in | E30: =VLOOKUP(B30, 'CSE-Sandeep'!$B$2:$G$61,5) -> 18 | F30: 4 | G30: =0.5*(E30+F30) -> 11 | H30: 3.5 | I30: 8.5 | J30: 30 | K30: =H30/4+I30/4+J30/9 -> 6.3333333 | L30: 85 | M30: 145 | O30: =max(M30:N30) -> 145 | P30: 100 | Q30: =L30/20+O30/40+P30/20 -> 12.875 | R30: 6 | S30: 6 | T30: 7 | U30: 11 | V30: 2 | W30: 8 | X30: 20 | Y30: 30 | Z30: 30 | AA30: 28 | AB30: 28 | AC30: =SUM(R30:AB30)/20 -> 8.8 | AD30: 40 | AE30: 350 | AF30: 1 | AG30: =(AC30*AF30) -> 8.8 | AH30: =(AD30+AE30)/40 -> 9.75 | AI30: =G30+K30+Q30+AG30+AH30 -> 48.758333 | AJ30: C-
A31: krity Loka | B31: B25CS028 | C31: A | D31: kasukurthiloka@iitbhilai.ac.in | E31: =VLOOKUP(B31, 'CSE-Sandeep'!$B$2:$G$61,5) -> 53 | F31: 31 | G31: =0.5*(E31+F31) -> 42 | H31: 16 | I31: 17 | J31: 40 | K31: =H31/4+I31/4+J31/9 -> 12.694444 | L31: 100 | M31: 80 | O31: =max(M31:N31) -> 80 | P31: 90 | Q31: =L31/20+O31/40+P31/20 -> 11.5 | R31: 7 | S31: 4 | T31: 13 | U31: 7 | V31: 14 | W31: 15 | X31: 20 | Y31: 29 | Z31: 0 | AA31: 28 | AB31: 28 | AC31: =SUM(R31:AB31)/20 -> 8.25 | AD31: 50 | AE31: 350 | AF31: 1 | AG31: =(AC31*AF31) -> 8.25 | AH31: =(AD31+AE31)/40 -> 10 | AI31: =G31+K31+Q31+AG31+AH31 -> 84.444444
A32: KOLLI VENKATA KUTUMBA NIHAR | B32: B25CS029 | C32: A | D32: kollivenkata@iitbhilai.ac.in | E32: =VLOOKUP(B32, 'CSE-Sandeep'!$B$2:$G$61,5) -> 47 | F32: 33 | G32: =0.5*(E32+F32) -> 40 | H32: 10.5 | I32: 15 | J32: 40 | K32: =H32/4+I32/4+J32/9 -> 10.819444 | L32: 100 | M32: 200 | O32: =max(M32:N32) -> 200 | P32: 98 | Q32: =L32/20+O32/40+P32/20 -> 14.9 | R32: 7 | S32: 6 | T32: 8 | U32: 3 | V32: 14 | W32: 13 | X32: 18 | Y32: 29 | Z32: 30 | AA32: 29 | AB32: 30 | AC32: =SUM(R32:AB32)/20 -> 9.35 | AD32: 40 | AE32: 350 | AF32: 1 | AG32: =(AC32*AF32) -> 9.35 | AH32: =(AD32+AE32)/40 -> 9.75 | AI32: =G32+K32+Q32+AG32+AH32 -> 84.819444
A33: BASUMATARY MADHURJYA PRASAD | B33: B25CS030 | C33: A | D33: madhurjyapr@iitbhilai.ac.in | E33: =VLOOKUP(B33, 'CSE-Sandeep'!$B$2:$G$61,5) -> 44 | F33: 29 | G33: =0.5*(E33+F33) -> 36.5 | H33: 15 | I33: 11 | J33: 34 | K33: =H33/4+I33/4+J33/9 -> 10.277778 | L33: 100 | M33: 184 | O33: =max(M33:N33) -> 184 | P33: 100 | Q33: =L33/20+O33/40+P33/20 -> 14.6 | R33: 6 | S33: 8 | T33: 14 | U33: 12 | V33: 15 | W33: 15 | X33: 20 | Y33: 30 | Z33: 30 | AA33: 30 | AB33: 29 | AC33: =SUM(R33:AB33)/20 -> 10.45 | AD33: 50 | AE33: 350 | AF33: 1 | AG33: =(AC33*AF33) -> 10.45 | AH33: =(AD33+AE33)/40 -> 10 | AI33: =G33+K33+Q33+AG33+AH33 -> 81.827778
A34: MADUR GANGA MANOJ KUMAR | B34: B25CS031 | C34: A- | D34: madurganga@iitbhilai.ac.in | E34: =VLOOKUP(B34, 'CSE-Sandeep'!$B$2:$G$61,5) -> 35 | F34: 33 | G34: =0.5*(E34+F34) -> 34 | H34: 10 | I34: 11 | J34: 25 | K34: =H34/4+I34/4+J34/9 -> 8.0277778 | L34: 100 | M34: 170 | O34: =max(M34:N34) -> 170 | P34: 97 | Q34: =L34/20+O34/40+P34/20 -> 14.1 | R34: 5 | S34: 5 | T34: 12 | U34: 8 | V34: 9 | W34: 8 | X34: 12 | Y34: 28 | Z34: 30 | AA34: 29 | AC34: =SUM(R34:AB34)/20 -> 7.3 | AD34: 40 | AE34: 330 | AF34: 1 | AG34: =(AC34*AF34) -> 7.3 | AH34: =(AD34+AE34)/40 -> 9.25 | AI34: =G34+K34+Q34+AG34+AH34 -> 72.677778
A35: MITTIREDDI PAVAN KUMAR | B35: B25CS032 | C35: B- | D35: mittireddipavan@iitbhilai.ac.in | E35: =VLOOKUP(B35, 'CSE-Sandeep'!$B$2:$G$61,5) -> 35 | F35: 21 | G35: =0.5*(E35+F35) -> 28 | H35: 11.5 | I35: 4.5 | J35: 17.5 | K35: =H35/4+I35/4+J35/9 -> 5.9444444 | L35: 90 | M35: 96 | O35: =max(M35:N35) -> 96 | P35: 95 | Q35: =L35/20+O35/40+P35/20 -> 11.65 | R35: 4 | S35: 2 | T35: 14 | U35: 8 | V35: 11 | W35: 8 | X35: 8 | Y35: 28 | Z35: 26 | AA35: 30 | AB35: 28 | AC35: =SUM(R35:AB35)/20 -> 8.35 | AD35: 50 | AE35: 330 | AF35: 1 | AG35: =(AC35*AF35) -> 8.35 | AH35: =(AD35+AE35)/40 -> 9.5 | AI35: =G35+K35+Q35+AG35+AH35 -> 63.444444
A36: ABHAY NAMAN AYUSH | B36: B25CS033 | C36: A+ | D36: namanayush@iitbhilai.ac.in | E36: =VLOOKUP(B36, 'CSE-Sandeep'!$B$2:$G$61,5) -> 52 | F36: 38 | G36: =0.5*(E36+F36) -> 45 | H36: 10 | I36: 19 | J36: 30 | K36: =H36/4+I36/4+J36/9 -> 10.583333 | L36: 100 | M36: 200 | O36: =max(M36:N36) -> 200 | P36: 100 | Q36: =L36/20+O36/40+P36/20 -> 15 | R36: 7 | S36: 7 | T36: 15 | U36: 11 | V36: 14 | W36: 15 | X36: 20 | Y36: 29 | Z36: 25 | AA36: 30 | AB36: 30 | AC36: =SUM(R36:AB36)/20 -> 10.15 | AD36: 45 | AE36: 350 | AF36: 1 | AG36: =(AC36*AF36) -> 10.15 | AH36: =(AD36+AE36)/40 -> 9.875 | AI36: =G36+K36+Q36+AG36+AH36 -> 90.608333
A37: NAMAN GUPTA | B37: B25CS034 | C37: A- | D37: namangupta@iitbhilai.ac.in | E37: =VLOOKUP(B37, 'CSE-Sandeep'!$B$2:$G$61,5) -> 44 | F37: 32 | G37: =0.5*(E37+F37) -> 38 | H37: 12 | I37: 12 | J37: 21 | K37: =H37/4+I37/4+J37/9 -> 8.3333333 | L37: 100 | M37: 180 | O37: =max(M37:N37) -> 180 | P37: 94 | Q37: =L37/20+O37/40+P37/20 -> 14.2 | R37: 0 | S37: 6 | T37: 10.5 | U37: 9 | V37: 15 | W37: 15 | X37: 19 | Y37: 26 | Z37: 27 | AA37: 29 | AB37: 27 | AC37: =SUM(R37:AB37)/20 -> 9.175 | AD37: 50 | AE37: 340 | AF37: 1 | AG37: =(AC37*AF37) -> 9.175 | AH37: =(AD37+AE37)/40 -> 9.75 | AI37: =G37+K37+Q37+AG37+AH37 -> 79.458333
A38: GHOSH NAVANIL | B38: B25CS035 | C38: A | D38: navanilghosh@iitbhilai.ac.in | E38: =VLOOKUP(B38, 'CSE-Sandeep'!$B$2:$G$61,5) -> 44 | F38: 36 | G38: =0.5*(E38+F38) -> 40 | H38: 15 | I38: 11 | J38: 36 | K38: =H38/4+I38/4+J38/9 -> 10.5 | L38: 100 | M38: 187 | O38: =max(M38:N38) -> 187 | P38: 89 | Q38: =L38/20+O38/40+P38/20 -> 14.125 | R38: 7 | S38: 10 | T38: 14 | U38: 8 | V38: 12 | W38: 15 | X38: 17 | Y38: 28 | Z38: 26 | AA38: 29 | AB38: 30 | AC38: =SUM(R38:AB38)/20 -> 9.8 | AD38: 50 | AE38: 350 | AF38: 1 | AG38: =(AC38*AF38) -> 9.8 | AH38: =(AD38+AE38)/40 -> 10 | AI38: =G38+K38+Q38+AG38+AH38 -> 84.425
A39: NISHCHAL JAIN | B39: B25CS036 | C39: A | D39: nishchaljain@iitbhilai.ac.in | E39: =VLOOKUP(B39, 'CSE-Sandeep'!$B$2:$G$61,5) -> 50 | F39: 29 | G39: =0.5*(E39+F39) -> 39.5 | H39: 15 | I39: 10 | J39: 36 | K39: =H39/4+I39/4+J39/9 -> 10.25 | L39: 85 | M39: 195 | O39: =max(M39:N39) -> 195 | P39: 100 | Q39: =L39/20+O39/40+P39/20 -> 14.125 | R39: 7 | S39: 9 | T39: 12 | U39: 11 | V39: 15 | W39: 15 | X39: 20 | Y39: 30 | Z39: 28 | AA39: 30 | AB39: 30 | AC39: =SUM(R39:AB39)/20 -> 10.35 | AD39: 30 | AE39: 330 | AF39: 1 | AG39: =(AC39*AF39) -> 10.35 | AH39: =(AD39+AE39)/40 -> 9 | AI39: =G39+K39+Q39+AG39+AH39 -> 83.225
A40: TEJA PALAVALASA PAWAN | B40: B25CS037 | C40: A | D40: palavalasapaw@iitbhilai.ac.in | E40: =VLOOKUP(B40, 'CSE-Sandeep'!$B$2:$G$61,5) -> 53 | F40: 32 | G40: =0.5*(E40+F40) -> 42.5 | H40: 14 | I40: 20 | J40: 43 | K40: =H40/4+I40/4+J40/9 -> 13.277778 | L40: 100 | M40: 195 | O40: =max(M40:N40) -> 195 | P40: 90 | Q40: =L40/20+O40/40+P40/20 -> 14.375 | R40: 7 | S40: 7 | T40: 13 | U40: 10 | V40: 14 | W40: 11 | X40: 20 | Y40: 25 | Z40: 27 | AA40: 29 | AB40: 28 | AC40: =SUM(R40:AB40)/20 -> 9.55 | AD40: 0 | AE40: 330 | AF40: 1 | AG40: =(AC40*AF40) -> 9.55 | AH40: =(AD40+AE40)/40 -> 8.25 | AI40: =G40+K40+Q40+AG40+AH40 -> 87.952778
A41: Paltyavath Saikiran | B41: B25CS038 | C41: C | D41: paltyavathsai@iitbhilai.ac.in | E41: =VLOOKUP(B41, 'CSE-Sandeep'!$B$2:$G$61,5) -> 27 | F41: 14 | G41: =0.5*(E41+F41) -> 20.5 | H41: 5 | I41: 7 | J41: 16 | K41: =H41/4+I41/4+J41/9 -> 4.7777778 | L41: 100 | M41: 80 | O41: =max(M41:N41) -> 80 | P41: 96 | Q41: =L41/20+O41/40+P41/20 -> 11.8 | R41: 5 | S41: 3 | T41: 9.5 | U41: 0 | V41: 8 | W41: 9 | X41: 15 | Y41: 24 | Z41: 28 | AA41: 29 | AB41: 29 | AC41: =SUM(R41:AB41)/20 -> 7.975 | AD41: 50 | AE41: 350 | AF41: 1 | AG41: =(AC41*AF41) -> 7.975 | AH41: =(AD41+AE41)/40 -> 10 | AI41: =G41+K41+Q41+AG41+AH41 -> 55.052778
A42: PIYUSH DAS | B42: B25CS039 | C42: A+ | D42: piyushdas@iitbhilai.ac.in | E42: =VLOOKUP(B42, 'CSE-Sandeep'!$B$2:$G$61,5) -> 57 | F42: 38 | G42: =0.5*(E42+F42) -> 47.5 | H42: 17 | I42: 19 | J42: 40 | K42: =H42/4+I42/4+J42/9 -> 13.444444 | L42: 100 | M42: 200 | O42: =max(M42:N42) -> 200 | P42: 100 | Q42: =L42/20+O42/40+P42/20 -> 15 | R42: 6 | S42: 9 | T42: 14 | U42: 11 | V42: 15 | W42: 15 | X42: 20 | Y42: 30 | Z42: 28 | AA42: 30 | AB42: 30 | AC42: =SUM(R42:AB42)/20 -> 10.4 | AD42: 50 | AE42: 350 | AF42: 1 | AG42: =(AC42*AF42) -> 10.4 | AH42: =(AD42+AE42)/40 -> 10 | AI42: =G42+K42+Q42+AG42+AH42 -> 96.344444
A43: POLINEDI RESHMITHA | B43: B25CS040 | C43: B- | D43: polinedire@iitbhilai.ac.in | E43: =VLOOKUP(B43, 'CSE-Sandeep'!$B$2:$G$61,5) -> 27 | F43: 21 | G43: =0.5*(E43+F43) -> 24 | H43: 5 | I43: 5.5 | J43: 18.5 | K43: =H43/4+I43/4+J43/9 -> 4.6805556 | L43: 100 | M43: 200 | O43: =max(M43:N43) -> 200 | P43: 80 | Q43: =L43/20+O43/40+P43/20 -> 14 | R43: 4 | S43: 2 | T43: 11 | U43: 11 | V43: 0 | W43: 11 | X43: 16 | Y43: 24 | AA43: 28 | AC43: =SUM(R43:AB43)/20 -> 5.35 | AD43: 50 | AE43: 350 | AF43: 1 | AG43: =(AC43*AF43) -> 5.35 | AH43: =(AD43+AE43)/40 -> 10 | AI43: =G43+K43+Q43+AG43+AH43 -> 58.030556
A44: PRANAV PRAVIN GORE | B44: B25CS041 | C44: A+ | D44: pranavpravin@iitbhilai.ac.in | E44: =VLOOKUP(B44, 'CSE-Sandeep'!$B$2:$G$61,5) -> 52 | F44: 36 | G44: =0.5*(E44+F44) -> 44 | H44: 17 | I44: 18 | J44: 38 | K44: =H44/4+I44/4+J44/9 -> 12.972222 | L44: 100 | M44: 200 | O44: =max(M44:N44) -> 200 | P44: 96 | Q44: =L44/20+O44/40+P44/20 -> 14.8 | R44: 7 | S44: 10 | T44: 9 | U44: 7 | V44: 12 | W44: 15 | X44: 20 | Y44: 28 | Z44: 26 | AA44: 30 | AC44: =SUM(R44:AB44)/20 -> 8.2 | AD44: 50 | AE44: 350 | AF44: 1 | AG44: =(AC44*AF44) -> 8.2 | AH44: =(AD44+AE44)/40 -> 10 | AI44: =G44+K44+Q44+AG44+AH44 -> 89.972222
A45: RAPAKA SAKETH | B45: B25CS042 | C45: A- | D45: rapakasaketh@iitbhilai.ac.in | E45: =VLOOKUP(B45, 'CSE-Sandeep'!$B$2:$G$61,5) -> 48 | F45: 27 | G45: =0.5*(E45+F45) -> 37.5 | H45: 6 | I45: 11 | J45: 30.5 | K45: =H45/4+I45/4+J45/9 -> 7.6388889 | L45: 70 | M45: 198 | O45: =max(M45:N45) -> 198 | P45: 90 | Q45: =L45/20+O45/40+P45/20 -> 12.95 | R45: 7 | S45: 10 | U45: 8 | V45: 14 | X45: 20 | Y45: 26 | Z45: 28 | AA45: 30 | AB45: 28 | AC45: =SUM(R45:AB45)/20 -> 8.55 | AD45: 10 | AE45: 280 | AF45: 1 | AG45: =(AC45*AF45) -> 8.55 | AH45: =(AD45+AE45)/40 -> 7.25 | AI45: =G45+K45+Q45+AG45+AH45 -> 73.888889
A46: LAVANYA RATHOD | B46: B25CS043 | C46: FS | D46: rathodlavanya@iitbhilai.ac.in | E46: 21 | F46: 6 | G46: =0.5*(E46+F46) -> 13.5 | H46: 5 | I46: 15 | J46: 20 | K46: =H46/4+I46/4+J46/9 -> 7.2222222 | L46: 100 | M46: 180 | O46: =max(M46:N46) -> 180 | P46: 92 | Q46: =L46/20+O46/40+P46/20 -> 14.1 | S46: 0 | U46: 11 | V46: 12 | W46: 15 | X46: 18 | Y46: 26 | Z46: 25 | AA46: 28 | AB46: 28 | AC46: =SUM(R46:AB46)/20 -> 8.15 | AD46: 40 | AE46: 310 | AF46: 1 | AG46: =(AC46*AF46) -> 8.15 | AH46: =(AD46+AE46)/40 -> 8.75 | AI46: =G46+K46+Q46+AG46+AH46 -> 51.722222 | AJ46: C
A47: RATISH ANAND | B47: B25CS044 | C47: A | D47: ratishanand@iitbhilai.ac.in | E47: =VLOOKUP(B47, 'CSE-Sandeep'!$B$2:$G$61,5) -> 50 | F47: 33 | G47: =0.5*(E47+F47) -> 41.5 | H47: 7 | I47: 16.5 | K47: =H47/4+I47/4+J47/9 -> 5.875 | L47: 100 | M47: 180 | N47: 195 | O47: =max(M47:N47) -> 195 | P47: 88 | Q47: =L47/20+O47/40+P47/20 -> 14.275 | R47: 7 | S47: 8 | U47: 9 | V47: 15 | W47: 15 | X47: 18 | Y47: 23 | Z47: 28 | AA47: 28 | AB47: 27 | AC47: =SUM(R47:AB47)/20 -> 8.9 | AD47: 50 | AE47: 310 | AF47: 1 | AG47: =(AC47*AF47) -> 8.9 | AH47: =(AD47+AE47)/40 -> 9 | AI47: =G47+K47+Q47+AG47+AH47 -> 79.55
A48: RIMA PRADHAN | B48: B25CS045 | C48: B | D48: rimapradhan@iitbhilai.ac.in | E48: =VLOOKUP(B48, 'CSE-Sandeep'!$B$2:$G$61,5) -> 43 | F48: 26 | G48: =0.5*(E48+F48) -> 34.5 | H48: 2 | I48: 8.5 | J48: 32 | K48: =H48/4+I48/4+J48/9 -> 6.1805556 | L48: 100 | M48: 174 | O48: =max(M48:N48) -> 174 | P48: 92 | Q48: =L48/20+O48/40+P48/20 -> 13.95 | R48: 7 | S48: 3 | U48: 12 | V48: 15 | W48: 15 | X48: 20 | Y48: 28 | Z48: 30 | AA48: 28 | AB48: 28 | AC48: =SUM(R48:AB48)/20 -> 9.3 | AD48: 0 | AE48: 315 | AF48: 1 | AG48: =(AC48*AF48) -> 9.3 | AH48: =(AD48+AE48)/40 -> 7.875 | AI48: =G48+K48+Q48+AG48+AH48 -> 71.805556
A49: ROHIT | B49: B25CS046 | C49: A- | D49: rohits@iitbhilai.ac.in | E49: =VLOOKUP(B49, 'CSE-Sandeep'!$B$2:$G$61,5) -> 46 | F49: 27 | G49: =0.5*(E49+F49) -> 36.5 | H49: 7 | I49: 14 | J49: 31.5 | K49: =H49/4+I49/4+J49/9 -> 8.75 | L49: 100 | M49: 180 | O49: =max(M49:N49) -> 180 | P49: 90 | Q49: =L49/20+O49/40+P49/20 -> 14 | R49: 6 | S49: 7 | U49: 10 | V49: 15 | W49: 14 | X49: 20 | Y49: 26 | Z49: 25 | AA49: 29 | AB49: 28 | AC49: =SUM(R49:AB49)/20 -> 9 | AD49: 40 | AE49: 310 | AF49: 1 | AG49: =(AC49*AF49) -> 9 | AH49: =(AD49+AE49)/40 -> 8.75 | AI49: =G49+K49+Q49+AG49+AH49 -> 77
A50: SAANVI SANKET KAMBLE | B50: B25CS047 | C50: A | D50: saanvisanket@iitbhilai.ac.in | E50: =VLOOKUP(B50, 'CSE-Sandeep'!$B$2:$G$61,5) -> 48 | F50: 36 | G50: =0.5*(E50+F50) -> 42 | H50: 12 | I50: 19.5 | J50: 35 | K50: =H50/4+I50/4+J50/9 -> 11.763889 | L50: 100 | M50: 192 | O50: =max(M50:N50) -> 192 | P50: 92 | Q50: =L50/20+O50/40+P50/20 -> 14.4 | R50: 6 | S50: 9 | U50: 13 | V50: 15 | W50: 15 | X50: 20 | Y50: 30 | Z50: 30 | AA50: 30 | AB50: 30 | AC50: =SUM(R50:AB50)/20 -> 9.9 | AD50: 20 | AE50: 320 | AF50: 1 | AG50: =(AC50*AF50) -> 9.9 | AH50: =(AD50+AE50)/40 -> 8.5 | AI50: =G50+K50+Q50+AG50+AH50 -> 86.563889
A51: SANKALP SAGAR WANKHEDE | B51: B25CS048 | C51: A | D51: sankalpsagar@iitbhilai.ac.in | E51: =VLOOKUP(B51, 'CSE-Sandeep'!$B$2:$G$61,5) -> 46 | F51: 29 | G51: =0.5*(E51+F51) -> 37.5 | H51: 16 | I51: 14 | J51: 25 | K51: =H51/4+I51/4+J51/9 -> 10.277778 | L51: 100 | M51: 170 | N51: 200 | O51: =max(M51:N51) -> 200 | P51: 90 | Q51: =L51/20+O51/40+P51/20 -> 14.5 | R51: 6 | S51: 8 | U51: 11 | V51: 14 | X51: 18 | Y51: 27 | Z51: 28 | AA51: 30 | AB51: 30 | AC51: =SUM(R51:AB51)/20 -> 8.6 | AD51: 50 | AE51: 315 | AF51: 1 | AG51: =(AC51*AF51) -> 8.6 | AH51: =(AD51+AE51)/40 -> 9.125 | AI51: =G51+K51+Q51+AG51+AH51 -> 80.002778
A52: SEERA SHAMITH SATHWIK | B52: B25CS049 | C52: B | D52: seerashamith@iitbhilai.ac.in | E52: =VLOOKUP(B52, 'CSE-Sandeep'!$B$2:$G$61,5) -> 38 | F52: 21 | G52: =0.5*(E52+F52) -> 29.5 | H52: 11 | I52: 14 | J52: 8 | K52: =H52/4+I52/4+J52/9 -> 7.1388889 | L52: 100 | M52: 189 | O52: =max(M52:N52) -> 189 | P52: 90 | Q52: =L52/20+O52/40+P52/20 -> 14.225 | R52: 7 | S52: 6 | U52: 8 | V52: 13 | W52: 15 | X52: 20 | Y52: 28 | Z52: 26 | AA52: 28 | AB52: 28 | AC52: =SUM(R52:AB52)/20 -> 8.95 | AD52: 0 | AE52: 320 | AF52: 1 | AG52: =(AC52*AF52) -> 8.95 | AH52: =(AD52+AE52)/40 -> 8 | AI52: =G52+K52+Q52+AG52+AH52 -> 67.813889
A53: SINGH SHREYANSH PRATAP | B53: B25CS050 | C53: C | D53: shreyanshpra@iitbhilai.ac.in | E53: =VLOOKUP(B53, 'CSE-Sandeep'!$B$2:$G$61,5) -> 46 | F53: 31 | G53: =0.5*(E53+F53) -> 38.5 | H53: 16 | J53: 30 | K53: =H53/4+I53/4+J53/9 -> 7.3333333 | L53: 100 | O53: =max(M53:N53) -> 0 | Q53: =L53/20+O53/40+P53/20 -> 5 | R53: 7 | S53: 9 | U53: 9 | V53: 12 | W53: 12 | X53: 16 | AA53: 30 | AC53: =SUM(R53:AB53)/20 -> 4.75 | AD53: 10 | AF53: 1 | AG53: =(AC53*AF53) -> 4.75 | AH53: =(AD53+AE53)/40 -> 0.25 | AI53: =G53+K53+Q53+AG53+AH53 -> 55.833333
A54: MEGAVATH SIDDHANTH NAIK | B54: B25CS051 | C54: A- | D54: siddhanthnaik@iitbhilai.ac.in | E54: =VLOOKUP(B54, 'CSE-Sandeep'!$B$2:$G$61,5) -> 46 | F54: 30 | G54: =0.5*(E54+F54) -> 38 | H54: 10.5 | I54: 9 | J54: 20 | K54: =H54/4+I54/4+J54/9 -> 7.0972222 | L54: 100 | M54: 179 | O54: =max(M54:N54) -> 179 | P54: 94 | Q54: =L54/20+O54/40+P54/20 -> 14.175 | R54: 7 | S54: 6 | U54: 9 | V54: 11 | W54: 15 | X54: 20 | Y54: 26 | Z54: 28 | AA54: 28 | AB54: 29 | AC54: =SUM(R54:AB54)/20 -> 8.95 | AD54: 10 | AE54: 310 | AF54: 1 | AG54: =(AC54*AF54) -> 8.95 | AH54: =(AD54+AE54)/40 -> 8 | AI54: =G54+K54+Q54+AG54+AH54 -> 76.222222
A55: SNIGDHA VENNAPUREDDY | B55: B25CS052 | C55: B- | D55: snigdhavenna@iitbhilai.ac.in | E55: =VLOOKUP(B55, 'CSE-Sandeep'!$B$2:$G$61,5) -> 41 | F55: 21 | G55: =0.5*(E55+F55) -> 31 | H55: 9.5 | I55: 12 | J55: 30 | K55: =H55/4+I55/4+J55/9 -> 8.7083333 | L55: 100 | M55: 100 | N55: 190 | O55: =max(M55:N55) -> 190 | Q55: =L55/20+O55/40+P55/20 -> 9.75 | R55: 6 | S55: 2 | U55: 10 | W55: 10 | X55: 18 | AC55: =SUM(R55:AB55)/20 -> 2.3 | AD55: 50 | AE55: 290 | AF55: 1 | AG55: =(AC55*AF55) -> 2.3 | AH55: =(AD55+AE55)/40 -> 8.5 | AI55: =G55+K55+Q55+AG55+AH55 -> 60.258333
A56: SONALI SINGH | B56: B25CS053 | C56: A- | D56: sonalisingh@iitbhilai.ac.in | E56: =VLOOKUP(B56, 'CSE-Sandeep'!$B$2:$G$61,5) -> 40 | F56: 38 | G56: =0.5*(E56+F56) -> 39 | H56: 6 | I56: 16 | J56: 33 | K56: =H56/4+I56/4+J56/9 -> 9.1666667 | L56: 100 | M56: 186 | O56: =max(M56:N56) -> 186 | P56: 88 | Q56: =L56/20+O56/40+P56/20 -> 14.05 | R56: 7 | S56: 6 | U56: 12 | V56: 14 | W56: 14 | X56: 16 | Y56: 24 | Z56: 26 | AA56: 28 | AB56: 29 | AC56: =SUM(R56:AB56)/20 -> 8.8 | AD56: 0 | AE56: 300 | AF56: 1 | AG56: =(AC56*AF56) -> 8.8 | AH56: =(AD56+AE56)/40 -> 7.5 | AI56: =G56+K56+Q56+AG56+AH56 -> 78.516667
A57: SOUMYAJIT DAS | B57: B25CS054 | C57: A | D57: soumyajitdas@iitbhilai.ac.in | E57: =VLOOKUP(B57, 'CSE-Sandeep'!$B$2:$G$61,5) -> 53 | F57: 37 | G57: =0.5*(E57+F57) -> 45 | H57: 14 | I57: 18 | K57: =H57/4+I57/4+J57/9 -> 8 | L57: 100 | M57: 198 | O57: =max(M57:N57) -> 198 | P57: 94 | Q57: =L57/20+O57/40+P57/20 -> 14.65 | R57: 6 | S57: 8 | T57: 13 | U57: 11 | V57: 15 | W57: 15 | X57: 20 | Y57: 28 | Z57: 25 | AA57: 30 | AB57: 30 | AC57: =SUM(R57:AB57)/20 -> 10.05 | AD57: 50 | AE57: 325 | AF57: 1 | AG57: =(AC57*AF57) -> 10.05 | AH57: =(AD57+AE57)/40 -> 9.375 | AI57: =G57+K57+Q57+AG57+AH57 -> 87.075
A58: SUBHAMKAR SAHU | B58: B25CS055 | C58: A | D58: subhamkars@iitbhilai.ac.in | E58: =VLOOKUP(B58, 'CSE-Sandeep'!$B$2:$G$61,5) -> 54 | F58: 36 | G58: =0.5*(E58+F58) -> 45 | H58: 16 | I58: 17 | J58: 27 | K58: =H58/4+I58/4+J58/9 -> 11.25 | L58: 100 | M58: 190 | O58: =max(M58:N58) -> 190 | P58: 92 | Q58: =L58/20+O58/40+P58/20 -> 14.35 | R58: 7 | S58: 6 | U58: 9 | V58: 12 | W58: 15 | X58: 20 | Y58: 26 | Z58: 24 | AA58: 29 | AB58: 29 | AC58: =SUM(R58:AB58)/20 -> 8.85 | AD58: 50 | AE58: 310 | AF58: 1 | AG58: =(AC58*AF58) -> 8.85 | AH58: =(AD58+AE58)/40 -> 9 | AI58: =G58+K58+Q58+AG58+AH58 -> 88.45
A59: SUMIRAN VITTHAL AKRE | B59: B25CS056 | C59: A | D59: sumiranvitthal@iitbhilai.ac.in | E59: =VLOOKUP(B59, 'CSE-Sandeep'!$B$2:$G$61,5) -> 46 | F59: 33 | G59: =0.5*(E59+F59) -> 39.5 | H59: 16 | I59: 19 | J59: 34 | K59: =H59/4+I59/4+J59/9 -> 12.527778 | L59: 100 | M59: 200 | O59: =max(M59:N59) -> 200 | P59: 95 | Q59: =L59/20+O59/40+P59/20 -> 14.75 | R59: 6 | S59: 10 | U59: 13 | V59: 15 | W59: 14 | X59: 20 | Y59: 28 | Z59: 30 | AA59: 30 | AB59: 30 | AC59: =SUM(R59:AB59)/20 -> 9.8 | AD59: 30 | AE59: 340 | AF59: 1 | AG59: =(AC59*AF59) -> 9.8 | AH59: =(AD59+AE59)/40 -> 9.25 | AI59: =G59+K59+Q59+AG59+AH59 -> 85.827778
A60: DUGAR SWARNA KANTI | B60: B25CS057 | C60: F | D60: swarnakanti@iitbhilai.ac.in | E60: =VLOOKUP(B60, 'CSE-Sandeep'!$B$2:$G$61,5) -> 0 | G60: =0.5*(E60+F60) -> 0 | J60: -1 | K60: =H60/4+I60/4+J60/9 -> -0.11111111 | L60: 100 | O60: =max(M60:N60) -> 0 | Q60: =L60/20+O60/40+P60/20 -> 5 | R60: 7 | S60: 10 | V60: 15 | W60: 15 | X60: 20 | AC60: =SUM(R60:AB60)/20 -> 3.35 | AF60: 0.5 | AG60: =(AC60*AF60) -> 1.675 | AH60: =(AD60+AE60)/40 -> 0 | AI60: =G60+K60+Q60+AG60+AH60 -> 6.5638889
A61: THIAGARAJAN MANICKAM | B61: B25CS059 | C61: A | D61: thiagarajanma@iitbhilai.ac.in | E61: =VLOOKUP(B61, 'CSE-Sandeep'!$B$2:$G$61,5) -> 49 | F61: 37 | G61: =0.5*(E61+F61) -> 43 | H61: 19 | I61: 17 | J61: 41 | K61: =H61/4+I61/4+J61/9 -> 13.555556 | L61: 100 | M61: 200 | O61: =max(M61:N61) -> 200 | P61: 93 | Q61: =L61/20+O61/40+P61/20 -> 14.65 | R61: 7 | S61: 10 | U61: 7 | V61: 13 | W61: 14 | X61: 18 | Y61: 24 | Z61: 26 | AA61: 29 | AB61: 28 | AC61: =SUM(R61:AB61)/20 -> 8.8 | AD61: 30 | AE61: 290 | AF61: 1 | AG61: =(AC61*AF61) -> 8.8 | AH61: =(AD61+AE61)/40 -> 8 | AI61: =G61+K61+Q61+AG61+AH61 -> 88.005556
A62: VAISHNAVI ANIL BAGHELE | B62: B25CS060 | C62: A | D62: vaishnavianil@iitbhilai.ac.in | E62: =VLOOKUP(B62, 'CSE-Sandeep'!$B$2:$G$61,5) -> 47 | F62: 33 | G62: =0.5*(E62+F62) -> 40 | H62: 14 | I62: 16 | J62: 34 | K62: =H62/4+I62/4+J62/9 -> 11.277778 | L62: 100 | M62: 150 | N62: 190 | O62: =max(M62:N62) -> 190 | P62: 90 | Q62: =L62/20+O62/40+P62/20 -> 14.25 | R62: 7 | S62: 5 | U62: 11 | V62: 15 | W62: 15 | X62: 18 | Y62: 26 | Z62: 28 | AA62: 29 | AB62: 28 | AC62: =SUM(R62:AB62)/20 -> 9.1 | AD62: 50 | AE62: 300 | AF62: 1 | AG62: =(AC62*AF62) -> 9.1 | AH62: =(AD62+AE62)/40 -> 8.75 | AI62: =G62+K62+Q62+AG62+AH62 -> 83.377778
A63: Keyush Sai | B63: B25CS061 | C63: A | D63: velagapudik@iitbhilai.ac.in | E63: =VLOOKUP(B63, 'CSE-Sandeep'!$B$2:$G$61,5) -> 37 | F63: 40 | G63: =0.5*(E63+F63) -> 38.5 | H63: 15 | I63: 0 | J63: 41 | K63: =H63/4+I63/4+J63/9 -> 8.3055556 | L63: 100 | M63: 195 | N63: 0 | O63: =max(M63:N63) -> 195 | P63: 98 | Q63: =L63/20+O63/40+P63/20 -> 14.775 | R63: 6 | S63: 10 | U63: 13 | V63: 15 | W63: 15 | X63: 20 | Y63: 28 | Z63: 30 | AA63: 28 | AB63: 29 | AC63: =SUM(R63:AB63)/20 -> 9.7 | AD63: 50 | AE63: 330 | AF63: 1 | AG63: =(AC63*AF63) -> 9.7 | AH63: =(AD63+AE63)/40 -> 9.5 | AI63: =G63+K63+Q63+AG63+AH63 -> 80.780556
A64: Naidu Yedla Sai Manohar | B64: B25CS062 | C64: A- | D64: yedlasaiman@iitbhilai.ac.in | E64: =VLOOKUP(B64, 'CSE-Sandeep'!$B$2:$G$61,5) -> 41 | F64: 31 | G64: =0.5*(E64+F64) -> 36 | H64: 13 | I64: 14 | J64: 12 | K64: =H64/4+I64/4+J64/9 -> 8.0833333 | L64: 95 | M64: 190 | O64: =max(M64:N64) -> 190 | P64: 88 | Q64: =L64/20+O64/40+P64/20 -> 13.9 | R64: 6 | S64: 4 | U64: 7 | V64: 14 | X64: 18 | Y64: 24 | Z64: 26 | AA64: 27 | AB64: 28 | AC64: =SUM(R64:AB64)/20 -> 7.7 | AD64: 10 | AE64: 300 | AF64: 1 | AG64: =(AC64*AF64) -> 7.7 | AH64: =(AD64+AE64)/40 -> 7.75 | AI64: =G64+K64+Q64+AG64+AH64 -> 73.433333
A65: SHERWAL ABHISHEK | B65: B25DS001 | C65: A | D65: abhisheksher@iitbhilai.ac.in | E65: =VLOOKUP(B65,'DSAI-Vikrant'!$B$2:$F$44,5) -> 47 | F65: 34 | G65: =0.5*(E65+F65) -> 40.5 | H65: 14 | I65: 12.5 | J65: 18 | K65: =H65/4+I65/4+J65/9 -> 8.625 | L65: 100 | M65: 159 | O65: =max(M65:N65) -> 159 | P65: 180 | Q65: =L65/20+O65/40+P65/20 -> 17.975 | R65: 7 | S65: 6 | T65: 13 | U65: 8 | V65: 14 | W65: 12.5 | X65: 20 | Y65: 28 | Z65: 24 | AA65: 30 | AB65: 28 | AC65: =SUM(R65:AB65)/20 -> 9.525 | AD65: 35 | AE65: 300 | AF65: 1 | AG65: =(AC65*AF65) -> 9.525 | AH65: =(AD65+AE65)/40 -> 8.375 | AI65: =G65+K65+Q65+AG65+AH65 -> 85
A66: ADITYA RAJ | B66: B25DS002 | C66: B- | D66: adityarajds@iitbhilai.ac.in | E66: =VLOOKUP(B66,'DSAI-Vikrant'!$B$2:$F$44,5) -> 30 | F66: 21 | G66: =0.5*(E66+F66) -> 25.5 | H66: 11 | I66: 12 | J66: 29 | K66: =H66/4+I66/4+J66/9 -> 8.9722222 | L66: 96 | M66: 50 | N66: 190 | O66: =max(M66:N66) -> 190 | P66: 80 | Q66: =L66/20+O66/40+P66/20 -> 13.55 | R66: 7 | S66: 5 | T66: 8 | U66: 8 | V66: 14 | W66: 12.5 | X66: 15 | Y66: 26 | Z66: 26 | AA66: 29 | AB66: 27 | AC66: =SUM(R66:AB66)/20 -> 8.875 | AD66: 35 | AE66: 250 | AF66: 1 | AG66: =(AC66*AF66) -> 8.875 | AH66: =(AD66+AE66)/40 -> 7.125 | AI66: =G66+K66+Q66+AG66+AH66 -> 64.022222
A67: ANIRUDH BANSAL | B67: B25DS003 | C67: A | D67: anirudhbansal@iitbhilai.ac.in | E67: =VLOOKUP(B67,'DSAI-Vikrant'!$B$2:$F$44,5) -> 42 | F67: 36 | G67: =0.5*(E67+F67) -> 39 | H67: 16 | I67: 18 | J67: 28 | K67: =H67/4+I67/4+J67/9 -> 11.611111 | L67: 100 | M67: 197 | O67: =max(M67:N67) -> 197 | P67: 100 | Q67: =L67/20+O67/40+P67/20 -> 14.925 | R67: 4 | S67: 8 | T67: 8 | U67: 12 | V67: 12 | W67: 10.5 | X67: 19 | Y67: 29 | Z67: 23 | AA67: 30 | AB67: 29 | AC67: =SUM(R67:AB67)/20 -> 9.225 | AD67: 40 | AE67: 320 | AF67: 1 | AG67: =(AC67*AF67) -> 9.225 | AH67: =(AD67+AE67)/40 -> 9 | AI67: =G67+K67+Q67+AG67+AH67 -> 83.761111
A68: SWARNKAR ARSHITA | B68: B25DS004 | C68: A | D68: arshitaswarnkar@iitbhilai.ac.in | E68: =VLOOKUP(B68,'DSAI-Vikrant'!$B$2:$F$44,5) -> 37 | F68: 32 | G68: =0.5*(E68+F68) -> 34.5 | H68: 14 | I68: 16 | J68: 19 | K68: =H68/4+I68/4+J68/9 -> 9.6111111 | L68: 100 | M68: 180 | O68: =max(M68:N68) -> 180 | P68: 180 | Q68: =L68/20+O68/40+P68/20 -> 18.5 | R68: 0 | S68: 6 | T68: 11 | U68: 4 | V68: 14 | W68: 15 | X68: 14 | Y68: 28 | Z68: 26 | AA68: 28 | AB68: 27 | AC68: =SUM(R68:AB68)/20 -> 8.65 | AD68: 35 | AE68: 300 | AF68: 1 | AG68: =(AC68*AF68) -> 8.65 | AH68: =(AD68+AE68)/40 -> 8.375 | AI68: =G68+K68+Q68+AG68+AH68 -> 79.636111
A69: REDDY CHATRALA GOKUL SANJAY | B69: B25DS005 | C69: A | D69: chatralagokuls@iitbhilai.ac.in | E69: =VLOOKUP(B69,'DSAI-Vikrant'!$B$2:$F$44,5) -> 47 | F69: 24 | G69: =0.5*(E69+F69) -> 35.5 | H69: 19 | I69: 13.5 | J69: 26 | K69: =H69/4+I69/4+J69/9 -> 11.013889 | L69: 95 | M69: 160 | O69: =max(M69:N69) -> 160 | P69: 180 | Q69: =L69/20+O69/40+P69/20 -> 17.75 | R69: 7 | S69: 7 | T69: 9 | U69: 9 | V69: 13 | W69: 15 | X69: 18 | Y69: 24 | Z69: 27 | AA69: 30 | AB69: 28 | AC69: =SUM(R69:AB69)/20 -> 9.35 | AD69: 30 | AE69: 330 | AF69: 1 | AG69: =(AC69*AF69) -> 9.35 | AH69: =(AD69+AE69)/40 -> 9 | AI69: =G69+K69+Q69+AG69+AH69 -> 82.613889
A70: DARSH NANDU | B70: B25DS006 | C70: A | D70: darshnandu@iitbhilai.ac.in | E70: =VLOOKUP(B70,'DSAI-Vikrant'!$B$2:$F$44,5) -> 55 | F70: 32 | G70: =0.5*(E70+F70) -> 43.5 | H70: 12 | I70: 14 | J70: 27 | K70: =H70/4+I70/4+J70/9 -> 9.5 | L70: 93 | M70: 184 | O70: =max(M70:N70) -> 184 | P70: 100 | Q70: =L70/20+O70/40+P70/20 -> 14.25 | R70: 7 | S70: 7 | T70: 12 | U70: 12 | V70: 14 | W70: 14.5 | X70: 18 | Y70: 30 | Z70: 30 | AA70: 28 | AB70: 28 | AC70: =SUM(R70:AB70)/20 -> 10.025 | AD70: 0 | AE70: 270 | AF70: 1 | AG70: =(AC70*AF70) -> 10.025 | AH70: =(AD70+AE70)/40 -> 6.75 | AI70: =G70+K70+Q70+AG70+AH70 -> 84.025
A71: DASARI YASHWANTH KUMAR | B71: B25DS007 | C71: FS | D71: dasariyashwan@iitbhilai.ac.in | E71: 16 | F71: 6 | G71: =0.5*(E71+F71) -> 11 | H71: 4 | I71: 7.5 | J71: 4 | K71: =H71/4+I71/4+J71/9 -> 3.3194444 | L71: 93 | M71: 121 | O71: =max(M71:N71) -> 121 | P71: 98 | Q71: =L71/20+O71/40+P71/20 -> 12.575 | R71: 6 | S71: 5 | T71: 6 | U71: 0 | V71: 14 | W71: 14 | X71: 18 | Y71: 30 | Z71: 30 | AA71: 27 | AB71: 28 | AC71: =SUM(R71:AB71)/20 -> 8.9 | AD71: 0 | AE71: 300 | AF71: 0.5 | AG71: =(AC71*AF71) -> 4.45 | AH71: =(AD71+AE71)/40 -> 7.5 | AI71: =G71+K71+Q71+AG71+AH71 -> 38.844444 | AJ71: D
A72: DEVGANIYA FENIL | B72: B25DS008 | C72: A | D72: devganiyafenil@iitbhilai.ac.in | E72: =VLOOKUP(B72,'DSAI-Vikrant'!$B$2:$F$44,5) -> 45 | F72: 33 | G72: =0.5*(E72+F72) -> 39 | H72: 16 | I72: 15 | J72: 30 | K72: =H72/4+I72/4+J72/9 -> 11.083333 | L72: 95 | M72: 188 | O72: =max(M72:N72) -> 188 | P72: 100 | Q72: =L72/20+O72/40+P72/20 -> 14.45 | R72: 6 | S72: 9 | T72: 12 | U72: 9 | V72: 14 | W72: 15 | X72: 20 | Y72: 30 | Z72: 30 | AA72: 29 | AB72: 28 | AC72: =SUM(R72:AB72)/20 -> 10.1 | AD72: 35 | AE72: 300 | AF72: 1 | AG72: =(AC72*AF72) -> 10.1 | AH72: =(AD72+AE72)/40 -> 8.375 | AI72: =G72+K72+Q72+AG72+AH72 -> 83.008333
A73: DHABBARA VIVEK CHOWDARY | B73: B25DS009 | C73: C | D73: dhabbaravivek@iitbhilai.ac.in | E73: =VLOOKUP(B73,'DSAI-Vikrant'!$B$2:$F$44,5) -> 20 | F73: 26 | G73: =0.5*(E73+F73) -> 23 | H73: 13 | I73: 2.5 | J73: 8 | K73: =H73/4+I73/4+J73/9 -> 4.7638889 | L73: 95 | M73: 170 | O73: =max(M73:N73) -> 170 | P73: 75 | Q73: =L73/20+O73/40+P73/20 -> 12.75 | R73: 4 | S73: 8 | T73: 10 | U73: 10 | V73: 14 | W73: 13.5 | X73: 20 | Y73: 27 | Z73: 21 | AB73: 28 | AC73: =SUM(R73:AB73)/20 -> 7.775 | AD73: 30 | AE73: 280 | AF73: 0.5 | AG73: =(AC73*AF73) -> 3.8875 | AH73: =(AD73+AE73)/40 -> 7.75 | AI73: =G73+K73+Q73+AG73+AH73 -> 52.151389
A74: CHAUDHARY GAURAV | B74: B25DS010 | C74: B- | D74: 100144048226072146150 | E74: =VLOOKUP(B74,'DSAI-Vikrant'!$B$2:$F$44,5) -> 40 | F74: 20 | G74: =0.5*(E74+F74) -> 30 | H74: 10.5 | I74: 9.5 | J74: 23 | K74: =H74/4+I74/4+J74/9 -> 7.5555556 | L74: 95 | M74: 195 | O74: =max(M74:N74) -> 195 | P74: 100 | Q74: =L74/20+O74/40+P74/20 -> 14.625 | R74: 6 | S74: 6 | T74: 9 | U74: 12 | V74: 14 | W74: 14.5 | X74: 20 | Y74: 29 | Z74: 30 | AA74: 28 | AB74: 28 | AC74: =SUM(R74:AB74)/20 -> 9.825 | AD74: 0 | AE74: 270 | AF74: 0.5 | AG74: =(AC74*AF74) -> 4.9125 | AH74: =(AD74+AE74)/40 -> 6.75 | AI74: =G74+K74+Q74+AG74+AH74 -> 63.843056
A75: GAUTAM JOGI | B75: B25DS011 | C75: B- | D75: gautamjogi@iitbhilai.ac.in | E75: =VLOOKUP(B75,'DSAI-Vikrant'!$B$2:$F$44,5) -> 33 | F75: 15 | G75: =0.5*(E75+F75) -> 24 | H75: 9 | I75: 8 | J75: 16 | K75: =H75/4+I75/4+J75/9 -> 6.0277778 | L75: 90 | M75: 160 | O75: =max(M75:N75) -> 160 | P75: 100 | Q75: =L75/20+O75/40+P75/20 -> 13.5 | R75: 7 | S75: 6 | T75: 6 | U75: 7 | V75: 13 | W75: 13 | X75: 0 | Y75: 26 | Z75: 26 | AA75: 30 | AC75: =SUM(R75:AB75)/20 -> 6.7 | AD75: 35 | AE75: 300 | AF75: 1 | AG75: =(AC75*AF75) -> 6.7 | AH75: =(AD75+AE75)/40 -> 8.375 | AI75: =G75+K75+Q75+AG75+AH75 -> 58.602778
A76: GORLE ASHISH | B76: B25DS012 | C76: A- | D76: gorleashish@iitbhilai.ac.in | E76: =VLOOKUP(B76,'DSAI-Vikrant'!$B$2:$F$44,5) -> 47 | F76: 31 | G76: =0.5*(E76+F76) -> 39 | H76: 14 | I76: 16 | J76: 28 | K76: =H76/4+I76/4+J76/9 -> 10.611111 | L76: 95 | M76: 174 | O76: =max(M76:N76) -> 174 | P76: 100 | Q76: =L76/20+O76/40+P76/20 -> 14.1 | R76: 6 | S76: 6 | T76: 5 | U76: 4 | V76: 12 | W76: 13 | X76: 15 | Y76: 26 | Z76: 24 | AA76: 27 | AB76: 28 | AC76: =SUM(R76:AB76)/20 -> 8.3 | AD76: 30 | AE76: 200 | AF76: 1 | AG76: =(AC76*AF76) -> 8.3 | AH76: =(AD76+AE76)/40 -> 5.75 | AI76: =G76+K76+Q76+AG76+AH76 -> 77.761111
A77: Shukla Harshita | B77: B25DS013 | C77: A- | D77: harshitashuk@iitbhilai.ac.in | E77: =VLOOKUP(B77,'DSAI-Vikrant'!$B$2:$F$44,5) -> 53 | F77: 19 | G77: =0.5*(E77+F77) -> 36 | H77: 8 | I77: 13.5 | J77: 30 | K77: =H77/4+I77/4+J77/9 -> 8.7083333 | L77: 100 | M77: 185 | O77: =max(M77:N77) -> 185 | P77: 90 | Q77: =L77/20+O77/40+P77/20 -> 14.125 | R77: 7 | S77: 7 | T77: 11 | U77: 8 | V77: 13 | W77: 13 | X77: 18 | Y77: 24 | Z77: 26 | AA77: 28 | AB77: 28 | AC77: =SUM(R77:AB77)/20 -> 9.15 | AD77: 30 | AE77: 290 | AF77: 1 | AG77: =(AC77*AF77) -> 9.15 | AH77: =(AD77+AE77)/40 -> 8 | AI77: =G77+K77+Q77+AG77+AH77 -> 75.983333
A78: JAYDEEP PAUL | B78: B25DS014 | C78: A | D78: jaydeeppaul@iitbhilai.ac.in | E78: =VLOOKUP(B78,'DSAI-Vikrant'!$B$2:$F$44,5) -> 51 | F78: 32 | G78: =0.5*(E78+F78) -> 41.5 | H78: 9 | I78: 17.5 | J78: 32 | K78: =H78/4+I78/4+J78/9 -> 10.180556 | L78: 95 | M78: 186 | O78: =max(M78:N78) -> 186 | P78: 95 | Q78: =L78/20+O78/40+P78/20 -> 14.15 | R78: 7 | S78: 10 | T78: 9 | U78: 12 | V78: 14 | W78: 12 | X78: 18 | Y78: 25 | Z78: 25 | AA78: 29 | AB78: 28 | AC78: =SUM(R78:AB78)/20 -> 9.45 | AD78: 50 | AE78: 300 | AF78: 1 | AG78: =(AC78*AF78) -> 9.45 | AH78: =(AD78+AE78)/40 -> 8.75 | AI78: =G78+K78+Q78+AG78+AH78 -> 84.030556
A79: KAMIREDDI JASWANTH KUMAR | B79: B25DS015 | C79: A | D79: kamireddijasw@iitbhilai.ac.in | E79: =VLOOKUP(B79,'DSAI-Vikrant'!$B$2:$F$44,5) -> 55 | F79: 28 | G79: =0.5*(E79+F79) -> 41.5 | H79: 16 | I79: 16.5 | J79: 35 | K79: =H79/4+I79/4+J79/9 -> 12.013889 | L79: 100 | M79: 190 | O79: =max(M79:N79) -> 190 | P79: 90 | Q79: =L79/20+O79/40+P79/20 -> 14.25 | R79: 7 | S79: 6 | T79: 12 | U79: 10 | V79: 15 | W79: 14 | X79: 20 | Y79: 24 | Z79: 26 | AA79: 28 | AB79: 28 | AC79: =SUM(R79:AB79)/20 -> 9.5 | AD79: 0 | AE79: 310 | AF79: 1 | AG79: =(AC79*AF79) -> 9.5 | AH79: =(AD79+AE79)/40 -> 7.75 | AI79: =G79+K79+Q79+AG79+AH79 -> 85.013889
A80: Vojanth Raj | B80: B25DS016 | C80: B | D80: komalivojanth@iitbhilai.ac.in | E80: =VLOOKUP(B80,'DSAI-Vikrant'!$B$2:$F$44,5) -> 38 | F80: 24 | G80: =0.5*(E80+F80) -> 31 | H80: 8 | I80: 8.5 | J80: 23 | K80: =H80/4+I80/4+J80/9 -> 6.6805556 | L80: 85 | M80: 145 | O80: =max(M80:N80) -> 145 | P80: 85 | Q80: =L80/20+O80/40+P80/20 -> 12.125 | R80: 5 | S80: 4 | T80: 10 | U80: 6 | V80: 15 | W80: 13 | X80: 15 | Y80: 24 | Z80: 24 | AA80: 29 | AB80: 27 | AC80: =SUM(R80:AB80)/20 -> 8.6 | AD80: 30 | AE80: 280 | AF80: 1 | AG80: =(AC80*AF80) -> 8.6 | AH80: =(AD80+AE80)/40 -> 7.75 | AI80: =G80+K80+Q80+AG80+AH80 -> 66.155556
A81: KORADA BHARATH CHANDRA | B81: B25DS017 | C81: B | D81: koradabharath@iitbhilai.ac.in | E81: =VLOOKUP(B81,'DSAI-Vikrant'!$B$2:$F$44,5) -> 36 | F81: 28 | G81: =0.5*(E81+F81) -> 32 | H81: 6 | I81: 11.5 | J81: 23 | K81: =H81/4+I81/4+J81/9 -> 6.9305556 | L81: 78 | M81: 170 | O81: =max(M81:N81) -> 170 | P81: 95 | Q81: =L81/20+O81/40+P81/20 -> 12.9 | R81: 4 | S81: 8 | T81: 6 | U81: 10 | V81: 12 | W81: 14 | X81: 16 | Y81: 27 | Z81: 28 | AA81: 27 | AB81: 28 | AC81: =SUM(R81:AB81)/20 -> 9 | AD81: 20 | AE81: 270 | AF81: 1 | AG81: =(AC81*AF81) -> 9 | AH81: =(AD81+AE81)/40 -> 7.25 | AI81: =G81+K81+Q81+AG81+AH81 -> 68.080556
A82: Kushal Radia | B82: B25DS018 | C82: A | D82: 110908319107819631743 | E82: =VLOOKUP(B82,'DSAI-Vikrant'!$B$2:$F$44,5) -> 56 | F82: 32 | G82: =0.5*(E82+F82) -> 44 | H82: 13 | I82: 16 | J82: 32 | K82: =H82/4+I82/4+J82/9 -> 10.805556 | L82: 90 | M82: 200 | O82: =max(M82:N82) -> 200 | P82: 99 | Q82: =L82/20+O82/40+P82/20 -> 14.45 | R82: 7 | S82: 8 | T82: 12 | U82: 8 | V82: 15 | W82: 12 | X82: 20 | Y82: 27 | Z82: 25 | AA82: 30 | AB82: 30 | AC82: =SUM(R82:AB82)/20 -> 9.7 | AD82: 50 | AE82: 280 | AF82: 1 | AG82: =(AC82*AF82) -> 9.7 | AH82: =(AD82+AE82)/40 -> 8.25 | AI82: =G82+K82+Q82+AG82+AH82 -> 87.205556
A83: ROHITH LANKIPALLI | B83: B25DS019 | C83: B- | D83: lankipallirohith@iitbhilai.ac.in | E83: =VLOOKUP(B83,'DSAI-Vikrant'!$B$2:$F$44,5) -> 39 | F83: 17 | G83: =0.5*(E83+F83) -> 28 | H83: 8 | I83: 4 | J83: 15 | K83: =H83/4+I83/4+J83/9 -> 4.6666667 | L83: 90 | M83: 170 | O83: =max(M83:N83) -> 170 | P83: 90 | Q83: =L83/20+O83/40+P83/20 -> 13.25 | R83: 6 | S83: 5 | T83: 0 | U83: 3 | V83: 14 | W83: 15 | X83: 20 | Y83: 25 | Z83: 24 | AA83: 30 | AB83: 28 | AC83: =SUM(R83:AB83)/20 -> 8.5 | AD83: 35 | AE83: 280 | AF83: 1 | AG83: =(AC83*AF83) -> 8.5 | AH83: =(AD83+AE83)/40 -> 7.875 | AI83: =G83+K83+Q83+AG83+AH83 -> 62.291667
A84: MALOTHU AKASH | B84: B25DS020 | C84: B | D84: malothuakash@iitbhilai.ac.in | E84: =VLOOKUP(B84,'DSAI-Vikrant'!$B$2:$F$44,5) -> 47 | F84: 25 | G84: =0.5*(E84+F84) -> 36 | H84: 9 | I84: 11.5 | J84: 8 | K84: =H84/4+I84/4+J84/9 -> 6.0138889 | L84: 95 | M84: 0 | N84: 185 | O84: =max(M84:N84) -> 185 | P84: 80 | Q84: =L84/20+O84/40+P84/20 -> 13.375 | R84: 6 | S84: 2 | T84: 8 | U84: 8 | V84: 13 | W84: 12 | X84: 18 | Y84: 26 | Z84: 24 | AA84: 28 | AB84: 28 | AC84: =SUM(R84:AB84)/20 -> 8.65 | AD84: 0 | AE84: 300 | AF84: 1 | AG84: =(AC84*AF84) -> 8.65 | AH84: =(AD84+AE84)/40 -> 7.5 | AI84: =G84+K84+Q84+AG84+AH84 -> 71.538889
A85: REWAR MANDEEP | B85: B25DS021 | C85: B | D85: mandeeprewar@iitbhilai.ac.in | E85: =VLOOKUP(B85,'DSAI-Vikrant'!$B$2:$F$44,5) -> 45 | F85: 20 | G85: =0.5*(E85+F85) -> 32.5 | H85: 6 | I85: 5 | J85: 25 | K85: =H85/4+I85/4+J85/9 -> 5.5277778 | L85: 95 | M85: 175 | O85: =max(M85:N85) -> 175 | P85: 85 | Q85: =L85/20+O85/40+P85/20 -> 13.375 | R85: 7 | S85: 5 | T85: 10 | V85: 14 | W85: 13 | X85: 20 | Y85: 26 | Z85: 24 | AA85: 28 | AB85: 27 | AC85: =SUM(R85:AB85)/20 -> 8.7 | AD85: 10 | AE85: 270 | AF85: 1 | AG85: =(AC85*AF85) -> 8.7 | AH85: =(AD85+AE85)/40 -> 7 | AI85: =G85+K85+Q85+AG85+AH85 -> 67.102778
A86: Mansu Khute | B86: B25DS022 | C86: C- | D86: 110717464809716125269 | E86: =VLOOKUP(B86,'DSAI-Vikrant'!$B$2:$F$44,5) -> 20 | F86: 11 | G86: =0.5*(E86+F86) -> 15.5 | H86: 6 | I86: 5 | J86: 0 | K86: =H86/4+I86/4+J86/9 -> 2.75 | L86: 90 | M86: 160 | O86: =max(M86:N86) -> 160 | P86: 94 | Q86: =L86/20+O86/40+P86/20 -> 13.2 | R86: 7 | S86: 6 | T86: 7 | U86: 7 | V86: 13 | W86: 12 | X86: 17 | Y86: 22 | Z86: 26 | AA86: 28 | AB86: 28 | AC86: =SUM(R86:AB86)/20 -> 8.65 | AD86: 50 | AE86: 300 | AF86: 1 | AG86: =(AC86*AF86) -> 8.65 | AH86: =(AD86+AE86)/40 -> 8.75 | AI86: =G86+K86+Q86+AG86+AH86 -> 48.85
A87: MEHUL ARORA | B87: B25DS023 | C87: A | D87: mehularora@iitbhilai.ac.in | E87: =VLOOKUP(B87,'DSAI-Vikrant'!$B$2:$F$44,5) -> 48 | F87: 29 | G87: =0.5*(E87+F87) -> 38.5 | H87: 15 | I87: 13 | J87: 35.5 | K87: =H87/4+I87/4+J87/9 -> 10.944444 | L87: 90 | M87: 200 | O87: =max(M87:N87) -> 200 | P87: 92 | Q87: =L87/20+O87/40+P87/20 -> 14.1 | R87: 7 | S87: 9 | T87: 11 | U87: 7 | V87: 15 | W87: 15 | X87: 20 | Y87: 30 | Z87: 30 | AA87: 29 | AB87: 27 | AC87: =SUM(R87:AB87)/20 -> 10 | AD87: 10 | AE87: 335 | AF87: 1 | AG87: =(AC87*AF87) -> 10 | AH87: =(AD87+AE87)/40 -> 8.625 | AI87: =G87+K87+Q87+AG87+AH87 -> 82.169444
A88: REDDY MEKALA REDDY VARDHAN | B88: B25DS024 | C88: A | D88: mekalavardhan@iitbhilai.ac.in | E88: =VLOOKUP(B88,'DSAI-Vikrant'!$B$2:$F$44,5) -> 46 | F88: 37 | G88: =0.5*(E88+F88) -> 41.5 | H88: 18 | I88: 17.5 | J88: 17 | K88: =H88/4+I88/4+J88/9 -> 10.763889 | L88: 100 | M88: 200 | O88: =max(M88:N88) -> 200 | P88: 88 | Q88: =L88/20+O88/40+P88/20 -> 14.4 | R88: 4 | S88: 7 | T88: 13 | U88: 13 | V88: 13 | W88: 15 | X88: 20 | Y88: 30 | Z88: 27 | AA88: 29 | AB88: 28 | AC88: =SUM(R88:AB88)/20 -> 9.95 | AD88: 25 | AE88: 320 | AF88: 1 | AG88: =(AC88*AF88) -> 9.95 | AH88: =(AD88+AE88)/40 -> 8.625 | AI88: =G88+K88+Q88+AG88+AH88 -> 85.238889
A89: Mohit Kolhe | B89: B25DS025 | C89: A- | D89: mohitjitendra@iitbhilai.ac.in | E89: =VLOOKUP(B89,'DSAI-Vikrant'!$B$2:$F$44,5) -> 42 | F89: 40 | G89: =0.5*(E89+F89) -> 41 | H89: 8.5 | I89: 16.5 | J89: 29 | K89: =H89/4+I89/4+J89/9 -> 9.4722222 | L89: 100 | M89: 200 | O89: =max(M89:N89) -> 200 | P89: 90 | Q89: =L89/20+O89/40+P89/20 -> 14.5 | S89: 8 | T89: 12 | U89: 7 | V89: 15 | W89: 14 | X89: 20 | Y89: 30 | Z89: 29 | AA89: 27 | AB89: 29 | AC89: =SUM(R89:AB89)/20 -> 9.55 | AD89: 20 | AE89: 45 | AF89: 1 | AG89: =(AC89*AF89) -> 9.55 | AH89: =(AD89+AE89)/40 -> 1.625 | AI89: =G89+K89+Q89+AG89+AH89 -> 76.147222
A90: Neelisetty venkata RITHWIK | B90: B25DS026 | C90: B- | D90: neelisettyven@iitbhilai.ac.in | E90: =VLOOKUP(B90,'DSAI-Vikrant'!$B$2:$F$44,5) -> 31 | F90: 21 | G90: =0.5*(E90+F90) -> 26 | H90: 5 | I90: 3.5 | J90: 22.5 | K90: =H90/4+I90/4+J90/9 -> 4.625 | L90: 70 | M90: 185 | O90: =max(M90:N90) -> 185 | P90: 92 | Q90: =L90/20+O90/40+P90/20 -> 12.725 | R90: 3 | S90: 5 | T90: 0 | U90: 3 | V90: 11 | W90: 15 | X90: 8.5 | Y90: 28 | Z90: 30 | AA90: 28 | AB90: 27 | AC90: =SUM(R90:AB90)/20 -> 7.925 | AD90: 50 | AE90: 330 | AF90: 1 | AG90: =(AC90*AF90) -> 7.925 | AH90: =(AD90+AE90)/40 -> 9.5 | AI90: =G90+K90+Q90+AG90+AH90 -> 60.775
A91: NITISHA DESHMUKH | B91: B25DS027 | C91: A- | D91: nitishadesh@iitbhilai.ac.in | E91: =VLOOKUP(B91,'DSAI-Vikrant'!$B$2:$F$44,5) -> 48 | F91: 26 | G91: =0.5*(E91+F91) -> 37 | H91: 11 | I91: 16.5 | J91: 33 | K91: =H91/4+I91/4+J91/9 -> 10.541667 | L91: 95 | M91: 196 | O91: =max(M91:N91) -> 196 | P91: 91 | Q91: =L91/20+O91/40+P91/20 -> 14.2 | R91: 7 | S91: 7 | T91: 9 | U91: 8 | V91: 15 | W91: 15 | X91: 15 | Y91: 29 | Z91: 22 | AA91: 29 | AB91: 28 | AC91: =SUM(R91:AB91)/20 -> 9.2 | AD91: 30 | AE91: 310 | AF91: 1 | AG91: =(AC91*AF91) -> 9.2 | AH91: =(AD91+AE91)/40 -> 8.5 | AI91: =G91+K91+Q91+AG91+AH91 -> 79.441667
A92: OM DWIVEDI | B92: B25DS028 | C92: A | D92: omdwivedi@iitbhilai.ac.in | E92: =VLOOKUP(B92,'DSAI-Vikrant'!$B$2:$F$44,5) -> 43 | F92: 35 | G92: =0.5*(E92+F92) -> 39 | H92: 15 | I92: 18.5 | J92: 36 | K92: =H92/4+I92/4+J92/9 -> 12.375 | L92: 90 | M92: 192 | O92: =max(M92:N92) -> 192 | P92: 93 | Q92: =L92/20+O92/40+P92/20 -> 13.95 | R92: 7 | S92: 7 | T92: 0 | U92: 8 | V92: 13 | W92: 15 | X92: 20 | Y92: 29 | Z92: 26 | AA92: 29 | AB92: 29 | AC92: =SUM(R92:AB92)/20 -> 9.15 | AD92: 50 | AE92: 330 | AF92: 1 | AG92: =(AC92*AF92) -> 9.15 | AH92: =(AD92+AE92)/40 -> 9.5 | AI92: =G92+K92+Q92+AG92+AH92 -> 83.975
A93: Pandu Harshitha | B93: B25DS029 | C93: A | D93: panduharshi@iitbhilai.ac.in | E93: =VLOOKUP(B93,'DSAI-Vikrant'!$B$2:$F$44,5) -> 52 | F93: 27 | G93: =0.5*(E93+F93) -> 39.5 | H93: 14 | I93: 14 | J93: 20.5 | K93: =H93/4+I93/4+J93/9 -> 9.2777778 | L93: 95 | M93: 199 | O93: =max(M93:N93) -> 199 | P93: 95 | Q93: =L93/20+O93/40+P93/20 -> 14.475 | R93: 7 | S93: 3 | T93: 8 | U93: 0 | V93: 15 | W93: 15 | X93: 20 | Y93: 30 | Z93: 28 | AA93: 28 | AB93: 28 | AC93: =SUM(R93:AB93)/20 -> 9.1 | AD93: 10 | AE93: 335 | AF93: 1 | AG93: =(AC93*AF93) -> 9.1 | AH93: =(AD93+AE93)/40 -> 8.625 | AI93: =G93+K93+Q93+AG93+AH93 -> 80.977778
A94: Praveen | B94: B25DS030 | C94: A | D94: praveenbeh@iitbhilai.ac.in | E94: =VLOOKUP(B94,'DSAI-Vikrant'!$B$2:$F$44,5) -> 43 | F94: 35 | G94: =0.5*(E94+F94) -> 39 | H94: 14.5 | I94: 19 | J94: 34 | K94: =H94/4+I94/4+J94/9 -> 12.152778 | L94: 80 | M94: 192 | O94: =max(M94:N94) -> 192 | P94: 86 | Q94: =L94/20+O94/40+P94/20 -> 13.1 | R94: 6 | S94: 6 | T94: 12 | U94: 8 | V94: 13 | W94: 13 | X94: 20 | Y94: 26 | Z94: 23 | AA94: 29 | AB94: 28 | AC94: =SUM(R94:AB94)/20 -> 9.2 | AD94: 40 | AE94: 330 | AF94: 1 | AG94: =(AC94*AF94) -> 9.2 | AH94: =(AD94+AE94)/40 -> 9.25 | AI94: =G94+K94+Q94+AG94+AH94 -> 82.702778
A95: rajveerdukiya@iitbhilai.ac.in | B95: B25DS031 | C95: B | D95: rajveerdukiya@iitbhilai.ac.in | E95: =VLOOKUP(B95,'DSAI-Vikrant'!$B$2:$F$44,5) -> 35 | F95: 19 | G95: =0.5*(E95+F95) -> 27 | H95: 10 | I95: 11.5 | J95: 29 | K95: =H95/4+I95/4+J95/9 -> 8.5972222 | L95: 85 | M95: 180 | O95: =max(M95:N95) -> 180 | P95: 87 | Q95: =L95/20+O95/40+P95/20 -> 13.1 | R95: 7 | S95: 2 | T95: 13 | U95: 8 | V95: 15 | W95: 15 | X95: 18 | Y95: 21 | Z95: 24 | AA95: 28 | AB95: 28 | AC95: =SUM(R95:AB95)/20 -> 8.95 | AD95: 30 | AE95: 300 | AF95: 1 | AG95: =(AC95*AF95) -> 8.95 | AH95: =(AD95+AE95)/40 -> 8.25 | AI95: =G95+K95+Q95+AG95+AH95 -> 65.897222
A96: RAMAVATH GEETHIKA | B96: B25DS032 | C96: B- | D96: ramavathge@iitbhilai.ac.in | E96: =VLOOKUP(B96,'DSAI-Vikrant'!$B$2:$F$44,5) -> 35 | F96: 17 | G96: =0.5*(E96+F96) -> 26 | H96: 3 | I96: 10.5 | J96: 21 | K96: =H96/4+I96/4+J96/9 -> 5.7083333 | L96: 90 | M96: 0 | N96: 165 | O96: =max(M96:N96) -> 165 | P96: 85 | Q96: =L96/20+O96/40+P96/20 -> 12.875 | R96: 7 | S96: 3 | T96: 7 | U96: 6 | V96: 14 | W96: 12 | X96: 15 | Y96: 28 | Z96: 30 | AA96: 30 | AC96: =SUM(R96:AB96)/20 -> 7.6 | AD96: 50 | AE96: 340 | AF96: 1 | AG96: =(AC96*AF96) -> 7.6 | AH96: =(AD96+AE96)/40 -> 9.75 | AI96: =G96+K96+Q96+AG96+AH96 -> 61.933333
A97: VIGNESH S | B97: B25DS033 | C97: D | D97: svignesh@iitbhilai.ac.in | E97: =VLOOKUP(B97,'DSAI-Vikrant'!$B$2:$F$44,5) -> 15 | F97: 18 | G97: =0.5*(E97+F97) -> 16.5 | H97: 7 | I97: 0 | J97: 5.5 | K97: =H97/4+I97/4+J97/9 -> 2.3611111 | L97: 30 | M97: 165 | O97: =max(M97:N97) -> 165 | P97: 0 | Q97: =L97/20+O97/40+P97/20 -> 5.625 | S97: 4 | T97: 8 | U97: 4 | V97: 15 | W97: 15 | X97: 15 | Y97: 0 | Z97: 0 | AA97: 30 | AB97: 26 | AC97: =SUM(R97:AB97)/20 -> 5.85 | AD97: 10 | AE97: 310 | AF97: 1 | AG97: =(AC97*AF97) -> 5.85 | AH97: =(AD97+AE97)/40 -> 8 | AI97: =G97+K97+Q97+AG97+AH97 -> 38.336111
A98: SHARVARI BHUTE | B98: B25DS034 | C98: A- | D98: sharvarib@iitbhilai.ac.in | E98: =VLOOKUP(B98,'DSAI-Vikrant'!$B$2:$F$44,5) -> 44 | F98: 34 | G98: =0.5*(E98+F98) -> 39 | H98: 10 | I98: 12.5 | J98: 17.5 | K98: =H98/4+I98/4+J98/9 -> 7.5694444 | L98: 90 | M98: 174 | O98: =max(M98:N98) -> 174 | P98: 90 | Q98: =L98/20+O98/40+P98/20 -> 13.35 | R98: 6 | S98: 9 | T98: 7 | U98: 7 | V98: 15 | W98: 15 | X98: 20 | Y98: 28 | Z98: 29 | AA98: 29 | AB98: 29 | AC98: =SUM(R98:AB98)/20 -> 9.7 | AD98: 50 | AE98: 335 | AF98: 1 | AG98: =(AC98*AF98) -> 9.7 | AH98: =(AD98+AE98)/40 -> 9.625 | AI98: =G98+K98+Q98+AG98+AH98 -> 79.244444
A99: R SHIVANGI | B99: B25DS035 | C99: A- | D99: shivangir@iitbhilai.ac.in | E99: =VLOOKUP(B99,'DSAI-Vikrant'!$B$2:$F$44,5) -> 45 | F99: 29 | G99: =0.5*(E99+F99) -> 37 | H99: 13 | I99: 14 | J99: 32 | K99: =H99/4+I99/4+J99/9 -> 10.305556 | L99: 95 | M99: 137 | O99: =max(M99:N99) -> 137 | P99: 86 | Q99: =L99/20+O99/40+P99/20 -> 12.475 | R99: 7 | S99: 6 | T99: 14 | U99: 12 | V99: 14 | W99: 15 | X99: 14 | Y99: 30 | Z99: 22 | AA99: 28 | AB99: 28 | AC99: =SUM(R99:AB99)/20 -> 9.5 | AD99: 20 | AE99: 330 | AF99: 1 | AG99: =(AC99*AF99) -> 9.5 | AH99: =(AD99+AE99)/40 -> 8.75 | AI99: =G99+K99+Q99+AG99+AH99 -> 78.030556
A100: SHREY JAIN | B100: B25DS036 | C100: A | D100: shreyjain@iitbhilai.ac.in | E100: =VLOOKUP(B100,'DSAI-Vikrant'!$B$2:$F$44,5) -> 48 | F100: 37 | G100: =0.5*(E100+F100) -> 42.5 | H100: 16 | I100: 14.5 | J100: 33.5 | K100: =H100/4+I100/4+J100/9 -> 11.347222 | L100: 85 | M100: 194 | O100: =max(M100:N100) -> 194 | P100: 88 | Q100: =L100/20+O100/40+P100/20 -> 13.5 | R100: 7 | S100: 7 | T100: 13 | U100: 12 | V100: 13 | W100: 12 | X100: 19 | Y100: 29 | Z100: 26 | AA100: 29 | AB100: 29 | AC100: =SUM(R100:AB100)/20 -> 9.8 | AD100: 50 | AE100: 330 | AF100: 1 | AG100: =(AC100*AF100) -> 9.8 | AH100: =(AD100+AE100)/40 -> 9.5 | AI100: =G100+K100+Q100+AG100+AH100 -> 86.647222
...

Sheet Sheet3
A1: ID | B1: Grade
A2: B24DS035 | B2: A-
A3: B24EC013 | B3: A
A4: B24EC016 | B4: A
A5: B24MT001 | B5: A-
A6: B25CS002 | B6: A
A7: B25CS003 | B7: A-
A8: B25CS004 | B8: A
A9: B25CS005 | B9: B
A10: B25CS006 | B10: A
A11: B25CS007 | B11: B-
A12: B25CS008 | B12: A
... A331: S25MA018 | B331: A-

Sheet Copy of LetterGrades-CSL100-Int
A1: Name | B1: ID | C1: SIS Login ID | D1: End Sem (60552481) | E1: Mid Sem (58777481) | F1: ExamFinal | G1: Offline Quiz 1 (58279106) | H1: Offline Quiz 2 (59288522) | I1: Offline Quiz 3 (60480072) | J1: QuizFinal | K1: Asg1 | L1: Sliding Characters Game Development in Python (57463646) | M1: Python Clock Assignment (Optional*) (58717731) | N1: Asg 2 | O1: Analyzing call record/history data (59288548) | P1: Asg_Final | Q1: Practice Quiz (57192616) | R1: Practice Quiz - 2 (57710859) | S1: Practice Quiz - 3 (57710877) | T1: Practice Quiz - 4 (57710885) | U1: Practice Sheet 1.1 (57352610) | V1: Practice Sheet 1 (soft copy) (57328669) | W1: Practice Sheet 1.2 + Chapter 2 of IITD Notes (57466219) | X1: Selected Problems from Practice Sheets 2, 3, 4 (57884237) | Y1: Practice Sheet 5 and 6 questions (58107442) | Z1: Practice Sheet - Python (59580084) | AA1: Practice Sheet - Whole Syllabus (60148873) | AB1: PracticeSheetTotal | AC1: Course Project Proposal (59288714) | AD1: Final Project (60057608) | AE1: LabAttendance | AF1: ProjectFinal | AG1: CourseTotal
A2: KUMAR GUMMALA VENKATA DHANUSH | B2: B25EC016 | C2: gvdkumar@iitbhilai.ac.in | D2: =VLOOKUP(B2,'EC-Nitin'!$B$2:$F$46,5) -> 0 | F2: =0.5*(D2+E2) -> 0 | I2: -1 | J2: =G2/4+H2/4+I2/9 -> -0.11111111 | N2: =max(L2:M2) -> 0 | P2: =K2/20+N2/40+O2/20 -> 0 | V2: 14 | Z2: 30 | AB2: =SUM(Q2:AA2)/20 -> 2.2 | AF2: =(AC2+AD2)/40 -> 0 | AG2: =F2+J2+P2+AB2+AF2 -> 2.0888889 | AH2: F
A3: DUGAR SWARNA KANTI | B3: B25CS057 | C3: swarnakanti@iitbhilai.ac.in | D3: =VLOOKUP(B3, 'CSE-Sandeep'!$B$2:$G$61,5) -> 0 | F3: =0.5*(D3+E3) -> 0 | I3: -1 | J3: =G3/4+H3/4+I3/9 -> -0.11111111 | K3: 100 | N3: =max(L3:M3) -> 0 | P3: =K3/20+N3/40+O3/20 -> 5 | Q3: 7 | R3: 10 | U3: 15 | V3: 15 | W3: 20 | AB3: =SUM(Q3:AA3)/20 -> 3.35 | AF3: =(AC3+AD3)/40 -> 0 | AG3: =F3+J3+P3+AB3+AF3 -> 8.2388889 | AH3: F
A4: Pal Ankit | B4: B25EE008 | C4: ankitpal@iitbhilai.ac.in | D4: =VLOOKUP(B4, 'EE-Nitin'!$B$2:$F$57,5) -> 0 | F4: =0.5*(D4+E4) -> 0 | G4: 0 | H4: 0 | I4: -1 | J4: =G4/4+H4/4+I4/9 -> -0.11111111 | K4: 93 | L4: 0 | N4: =max(L4:M4) -> 0 | P4: =K4/20+N4/40+O4/20 -> 4.65 | Q4: 7 | R4: 9 | S4: 10 | T4: 11 | U4: 14.5 | V4: 14.5 | W4: 20 | X4: 0 | Y4: 0 | AB4: =SUM(Q4:AA4)/20 -> 4.3 | AF4: =(AC4+AD4)/40 -> 0 | AG4: =F4+J4+P4+AB4+AF4 -> 8.8388889 | AH4: F
A5: POTHUMUDI PRADEEP KUMAR | B5: B25EE040 | C5: pothumudipr@iitbhilai.ac.in | D5: =VLOOKUP(B5, 'EE-Nitin'!$B$2:$F$57,5) -> 12 | E5: 4 | F5: =0.5*(D5+E5) -> 8 | G5: 1.5 | H5: 3 | I5: 0 | J5: =G5/4+H5/4+I5/9 -> 1.125 | K5: 0 | L5: 95 | N5: =max(L5:M5) -> 95 | O5: 80 | P5: =K5/20+N5/40+O5/20 -> 6.375 | Q5: 6 | R5: 5 | S5: 0 | T5: 8 | U5: 5 | V5: 13 | W5: 18 | X5: 28 | Y5: 0 | AA5: 29 | AB5: =SUM(Q5:AA5)/20 -> 5.6 | AC5: 50 | AD5: 280 | AF5: =(AC5+AD5)/40 -> 8.25 | AG5: =F5+J5+P5+AB5+AF5 -> 29.35 | AH5: FS
A6: C ASHWIN NAINAAR R | B6: B25MM005 | C6: anainaarrc@iitbhilai.ac.in | D6: =VLOOKUP(B6,'MM-Subhashree'!$B$2:F$26,5) -> 20 | E6: 11 | F6: =0.5*(D6+E6) -> 15.5 | H6: 5 | I6: 16 | J6: =G6/4+H6/4+I6/9 -> 3.0277778 | M6: 165 | N6: =max(L6:M6) -> 165 | P6: =K6/20+N6/40+O6/20 -> 4.125 | Q6: 6 | R6: 5 | S6: 6 | V6: 10 | W6: 18 | Z6: 28 | AB6: =SUM(Q6:AA6)/20 -> 3.65 | AD6: 340 | AF6: =(AC6+AD6)/40 -> 8.5 | AG6: =F6+J6+P6+AB6+AF6 -> 34.802778 | AH6: D
A7: ABHINAV SURYA TEJ | B7: B25ME023 | C7: dasuryatej@iitbhilai.ac.in | D7: =VLOOKUP(B7, 'ME-Subhashree'!$B$2:$F$56,5) -> 5 | E7: 7 | F7: =0.5*(D7+E7) -> 6 | G7: 5 | H7: 0 | I7: 40 | J7: =G7/4+H7/4+I7/9 -> 5.6944444 | K7: 100 | L7: 125 | N7: =max(L7:M7) -> 125 | O7: 0 | P7: =K7/20+N7/40+O7/20 -> 8.125 | Q7: 7 | R7: 7 | S7: 15 | T7: 15 | U7: 15 | V7: 13 | W7: 20 | X7: 0 | Y7: 0 | Z7: 29 | AA7: 27 | AB7: =SUM(Q7:AA7)/20 -> 7.4 | AC7: 50 | AD7: 320 | AF7: =(AC7+AD7)/40 -> 9.25 | AG7: =F7+J7+P7+AB7+AF7 -> 36.469444 | AH7: FS
A8: SRIVASTAV SHAURYA | B8: B25ME055 | C8: shauryasv@iitbhilai.ac.in | D8: =VLOOKUP(B8, 'ME-Subhashree'!$B$2:$F$56,5) -> 34 | E8: 22 | F8: =0.5*(D8+E8) -> 28 | I8: -1 | J8: =G8/4+H8/4+I8/9 -> -0.11111111 | L8: 175 | N8: =max(L8:M8) -> 175 | P8: =K8/20+N8/40+O8/20 -> 4.375 | Q8: 7 | R8: 9 | S8: 0 | T8: 12 | V8: 13.5 | W8: 17 | X8: 27.14 | AB8: =SUM(Q8:AA8)/20 -> 4.282 | AF8: =(AC8+AD8)/40 -> 0 | AG8: =F8+J8+P8+AB8+AF8 -> 36.545889 | AH8: D
A9: DASARI YASHWANTH KUMAR | B9: B25DS007 | C9: dasariyashwan@iitbhilai.ac.in | D9: =VLOOKUP(B9,'DSAI-Vikrant'!$B$2:$F$44,5) -> 4 | E9: 6 | F9: =0.5*(D9+E9) -> 5 | G9: 4 | H9: 7.5 | I9: 4 | J9: =G9/4+H9/4+I9/9 -> 3.3194444 | K9: 93 | L9: 121 | N9: =max(L9:M9) -> 121 | O9: 98 | P9: =K9/20+N9/40+O9/20 -> 12.575 | Q9: 6 | R9: 5 | S9: 6 | T9: 0 | U9: 14 | V9: 14 | W9: 18 | X9: 30 | Y9: 30 | Z9: 27 | AA9: 28 | AB9: =SUM(Q9:AA9)/20 -> 8.9 | AC9: 0 | AD9: 300 | AF9: =(AC9+AD9)/40 -> 7.5 | AG9: =F9+J9+P9+AB9+AF9 -> 37.294444 | AH9: FS
A10: VIGNESH S | B10: B25DS033 | C10: svignesh@iitbhilai.ac.in | D10: =VLOOKUP(B10,'DSAI-Vikrant'!$B$2:$F$44,5) -> 15 | E10: 18 | F10: =0.5*(D10+E10) -> 16.5 | G10: 7 | H10: 0 | I10: 5.5 | J10: =G10/4+H10/4+I10/9 -> 2.3611111 | K10: 30 | L10: 165 | N10: =max(L10:M10) -> 165 | O10: 0 | P10: =K10/20+N10/40+O10/20 -> 5.625 | R10: 4 | S10: 8 | T10: 4 | U10: 15 | V10: 15 | W10: 15 | X10: 0 | Y10: 0 | Z10: 30 | AA10: 26 | AB10: =SUM(Q10:AA10)/20 -> 5.85 | AC10: 10 | AD10: 310 | AF10: =(AC10+AD10)/40 -> 8 | AG10: =F10+J10+P10+AB10+AF10 -> 38.336111 | AH10: D
A11: KOTANNAGARI BHARGAV SHASHANK | B11: B25ME038 | C11: kgbshashan@iitbhilai.ac.in | D11: =VLOOKUP(B11, 'ME-Subhashree'!$B$2:$F$56,5) -> 6 | E11: 6 | F11: =0.5*(D11+E11) -> 6 | G11: 3 | H11: 1 | I11: 40 | J11: =G11/4+H11/4+I11/9 -> 5.4444444 | K11: 100 | L11: 100 | N11: =max(L11:M11) -> 100 | O11: 100 | P11: =K11/20+N11/40+O11/20 -> 12.5 | Q11: 6 | R11: 4 | S11: 10 | T11: 10 | U11: 15 | V11: 15 | W11: 20 | X11: 30 | Y11: 30 | AA11: 28 | AB11: =SUM(Q11:AA11)/20 -> 8.4 | AC11: 40 | AD11: 330 | AF11: =(AC11+AD11)/40 -> 9.25 | AG11: =F11+J11+P11+AB11+AF11 -> 41.594444 | AH11: FS
A12: ROHIT SONI | B12: B25ME052 | C12: 105727867094098693539 | D12: =VLOOKUP(B12, 'ME-Subhashree'!$B$2:$F$56,5) -> 19 | E12: 13 | F12: =0.5*(D12+E12) -> 16 | G12: 6.5 | I12: 4 | J12: =G12/4+H12/4+I12/9 -> 2.0694444 | K12: 85 | L12: 180 | N12: =max(L12:M12) -> 180 | P12: =K12/20+N12/40+O12/20 -> 8.75 | Q12: 3 | R12: 5 | S12: 13 | T12: 0 | W12: 7 | X12: 25.62 | Z12: 27 | AA12: 27 | AB12: =SUM(Q12:AA12)/20 -> 5.381 | AC12: 49 | AD12: 340 | AF12: =(AC12+AD12)/40 -> 9.725 | AG12: =F12+J12+P12+AB12+AF12 -> 41.925444 | AH12: D
A13: NITISH KUMAR | B13: S25MA011 | C13: NITISHKUMAR@iitbhilai.ac.in | D13: =VLOOKUP(B13, 'MSC-Vikrant'!B7:F18,5) -> 11 | E13: 11 | F13: =0.5*(D13+E13) -> 11 | G13: 11 | H13: 4 | I13: 3.5 | J13: =G13/4+H13/4+I13/9 -> 4.1388889 | K13: 70 | L13: 162 | M13: 165 | N13: =max(L13:M13) -> 165 | O13: 92 | P13: =K13/20+N13/40+O13/20 -> 12.225 | Q13: 5 | S13: 4 | T13: 5 | U13: 15 | V13: 12 | W13: 15 | X13: 28 | Y13: 18 | Z13: 29 | AB13: =SUM(Q13:AA13)/20 -> 6.55 | AC13: 50 | AD13: 280 | AF13: =(AC13+AD13)/40 -> 8.25 | AG13: =F13+J13+P13+AB13+AF13 -> 42.163889 | AH13: FS
A14: Mangalaram Susheel reddy | B14: B25ME042 | C14: msreddy@iitbhilai.ac.in | D14: =VLOOKUP(B14, 'ME-Subhashree'!$B$2:$F$56,5) -> 27 | E14: 29 | F14: =0.5*(D14+E14) -> 28 | G14: 5 | H14: 6 | I14: 14 | J14: =G14/4+H14/4+I14/9 -> 4.3055556 | K14: 70 | L14: 179 | N14: =max(L14:M14) -> 179 | P14: =K14/20+N14/40+O14/20 -> 7.975 | Q14: 7 | R14: 7 | S14: 10 | T14: 10 | V14: 13 | W14: 17 | AB14: =SUM(Q14:AA14)/20 -> 3.2 | AF14: =(AC14+AD14)/40 -> 0 | AG14: =F14+J14+P14+AB14+AF14 -> 43.480556 | AH14: D
A15: SOUMIL SAHU | B15: B25EE055 | C15: 112247789942064116506 | E15: 28 | F15: =0.5*(D15+E15) -> 14 | G15: 15 | H15: 9 | I15: 0 | J15: =G15/4+H15/4+I15/9 -> 6 | K15: 90 | L15: 185 | N15: =max(L15:M15) -> 185 | O15: 100 | P15: =K15/20+N15/40+O15/20 -> 14.125 | Q15: 7 | R15: 10 | S15: 12 | T15: 12 | U15: 14 | V15: 14 | W15: 20 | X15: 29 | Y15: 28 | Z15: 29 | AB15: =SUM(Q15:AA15)/20 -> 8.75 | AC15: 30 | AD15: 0 | AF15: =(AC15+AD15)/40 -> 0.75 | AG15: =F15+J15+P15+AB15+AF15 -> 43.625 | AH15: A
A16: SIDDHANT VIJAY PUNEKAR | B16: B25DS037 | C16: siddhantvijay@iitbhilai.ac.in | D16: =VLOOKUP(B16,'DSAI-Vikrant'!$B$2:$F$44,5) -> 30 | E16: 3 | F16: =0.5*(D16+E16) -> 16.5 | H16: 11 | I16: 10 | J16: =G16/4+H16/4+I16/9 -> 3.8611111 | K16: 100 | L16: 100 | N16: =max(L16:M16) -> 100 | O16: 80 | P16: =K16/20+N16/40+O16/20 -> 11.5 | Q16: 7 | R16: 4 | S16: 8 | T16: 7 | U16: 15 | V16: 15 | W16: 19 | X16: 0 | Y16: 0 | Z16: 30 | AA16: 28 | AB16: =SUM(Q16:AA16)/20 -> 6.65 | AC16: 30 | AD16: 335 | AF16: =(AC16+AD16)/40 -> 9.125 | AG16: =F16+J16+P16+AB16+AF16 -> 47.636111 | AH16: C-
A17: KumarShubham | B17: S25MA014 | C17: SHUBHAMKUM@iitbhilai.ac.in | D17: =VLOOKUP(B17, 'MSC-Vikrant'!B9:F20,5) -> 21 | E17: 13 | F17: =0.5*(D17+E17) -> 17 | G17: 9 | H17: 1 | I17: 6.5 | J17: =G17/4+H17/4+I17/9 -> 3.2222222 | K17: 80 | L17: 154 | N17: =max(L17:M17) -> 154 | O17: 91 | P17: =K17/20+N17/40+O17/20 -> 12.4 | R17: 7 | T17: 0 | U17: 15 | V17: 10 | W17: 12 | X17: 29 | Y17: 27 | Z17: 28 | AB17: =SUM(Q17:AA17)/20 -> 6.4 | AC17: 50 | AD17: 300 | AF17: =(AC17+AD17)/40 -> 8.75 | AG17: =F17+J17+P17+AB17+AF17 -> 47.772222 | AH17: C-
A18: CHANDU BOLLEDDU | B18: B25EC010 | C18: bchandu@iitbhilai.ac.in | D18: =VLOOKUP(B18,'EC-Nitin'!$B$2:$F$46,5) -> 13 | E18: 10 | F18: =0.5*(D18+E18) -> 11.5 | G18: 9 | H18: 10 | I18: 17 | J18: =G18/4+H18/4+I18/9 -> 6.6388889 | K18: 80 | L18: 100 | N18: =max(L18:M18) -> 100 | O18: 90 | P18: =K18/20+N18/40+O18/20 -> 11 | R18: 7 | S18: 13 | T18: 11 | U18: 14 | V18: 14 | W18: 20 | X18: 30 | Y18: 30 | Z18: 29 | AA18: 28 | AB18: =SUM(Q18:AA18)/20 -> 9.8 | AC18: 50 | AD18: 330 | AF18: =(AC18+AD18)/40 -> 9.5 | AG18: =F18+J18+P18+AB18+AF18 -> 48.438889 | AH18: FS
A19: LAVANYA RATHOD | B19: B25CS043 | C19: rathodlavanya@iitbhilai.ac.in | D19: =VLOOKUP(B19, 'CSE-Sandeep'!$B$2:$G$61,5) -> 15 | E19: 6 | F19: =0.5*(D19+E19) -> 10.5 | G19: 5 | H19: 15 | I19: 20 | J19: =G19/4+H19/4+I19/9 -> 7.2222222 | K19: 100 | L19: 180 | N19: =max(L19:M19) -> 180 | O19: 92 | P19: =K19/20+N19/40+O19/20 -> 14.1 | R19: 0 | T19: 11 | U19: 12 | V19: 15 | W19: 18 | X19: 26 | Y19: 25 | Z19: 28 | AA19: 28 | AB19: =SUM(Q19:AA19)/20 -> 8.15 | AC19: 40 | AD19: 310 | AF19: =(AC19+AD19)/40 -> 8.75 | AG19: =F19+J19+P19+AB19+AF19 -> 48.722222 | AH19: FS
A20: KAKARLA VIJAYA RAMI REDDY | B20: B25CS027 | C20: kakarlavijaya@iitbhilai.ac.in | D20: =VLOOKUP(B20, 'CSE-Sandeep'!$B$2:$G$61,5) -> 18 | E20: 4 | F20: =0.5*(D20+E20) -> 11 | G20: 3.5 | H20: 8.5 | I20: 30 | J20: =G20/4+H20/4+I20/9 -> 6.3333333 | K20: 85 | L20: 145 | N20: =max(L20:M20) -> 145 | O20: 100 | P20: =K20/20+N20/40+O20/20 -> 12.875 | Q20: 6 | R20: 6 | S20: 7 | T20: 11 | U20: 2 | V20: 8 | W20: 20 | X20: 30 | Y20: 30 | Z20: 28 | AA20: 28 | AB20: =SUM(Q20:AA20)/20 -> 8.8 | AC20: 40 | AD20: 350 | AF20: =(AC20+AD20)/40 -> 9.75 | AG20: =F20+J20+P20+AB20+AF20 -> 48.758333 | AH20: FS
A21: Mansu Khute | B21: B25DS022 | C21: 110717464809716125269 | D21: =VLOOKUP(B21,'DSAI-Vikrant'!$B$2:$F$44,5) -> 20 | E21: 11 | F21: =0.5*(D21+E21) -> 15.5 | G21: 6 | H21: 5 | I21: 0 | J21: =G21/4+H21/4+I21/9 -> 2.75 | K21: 90 | L21: 160 | N21: =max(L21:M21) -> 160 | O21: 94 | P21: =K21/20+N21/40+O21/20 -> 13.2 | Q21: 7 | R21: 6 | S21: 7 | T21: 7 | U21: 13 | V21: 12 | W21: 17 | X21: 22 | Y21: 26 | Z21: 28 | AA21: 28 | AB21: =SUM(Q21:AA21)/20 -> 8.65 | AC21: 50 | AD21: 300 | AF21: =(AC21+AD21)/40 -> 8.75 | AG21: =F21+J21+P21+AB21+AF21 -> 48.85 | AH21: C-
A22: DISHANK VERMA | B22: B25CS015 | C22: dishankverma@iitbhilai.ac.in | D22: =VLOOKUP(B22, 'CSE-Sandeep'!$B$2:$G$61,5) -> 21 | E22: 11 | F22: =0.5*(D22+E22) -> 16 | G22: 6 | H22: 6 | I22: 18 | J22: =G22/4+H22/4+I22/9 -> 5 | K22: 87 | L22: 180 | N22: =max(L22:M22) -> 180 | O22: 85 | P22: =K22/20+N22/40+O22/20 -> 13.1 | Q22: 5 | R22: 4 | S22: 15 | T22: 5 | U22: 5 | V22: 14 | W22: 0 | X22: 30 | Z22: 28 | AB22: =SUM(Q22:AA22)/20 -> 5.3 | AC22: 50 | AD22: 330 | AF22: =(AC22+AD22)/40 -> 9.5 | AG22: =F22+J22+P22+AB22+AF22 -> 48.9 | AH22: C-
A23: RAMAVATH SAI CHARAN | B23: B25MT021 | C23: rscharan@iitbhilai.ac.in | D23: =VLOOKUP(B23,MT!$B$2:$F$30,5) -> 28 | F23: =0.5*(D23+E23) -> 14 | G23: 0 | H23: 6.5 | I23: 17 | J23: =G23/4+H23/4+I23/9 -> 3.5138889 | K23: 90 | L23: 192 | N23: =max(L23:M23) -> 192 | O23: 100 | P23: =K23/20+N23/40+O23/20 -> 14.3 | Q23: 6 | R23: 6 | S23: 6 | U23: 15 | V23: 15 | W23: 20 | X23: 27 | Y23: 28 | Z23: 28 | AA23: 29 | AB23: =SUM(Q23:AA23)/20 -> 9 | AC23: 28 | AD23: 325 | AF23: =(AC23+AD23)/40 -> 8.825 | AG23: =F23+J23+P23+AB23+AF23 -> 49.638889 | AH23: C-
A24: JORWAL ARYAN | B24: B25EE012 | C24: aryanjorwal@iitbhilai.ac.in | D24: =VLOOKUP(B24, 'EE-Nitin'!$B$2:$F$57,5) -> 26 | E24: 20 | F24: =0.5*(D24+E24) -> 23 | G24: 7 | H24: 0 | I24: 21 | J24: =G24/4+H24/4+I24/9 -> 4.0833333 | K24: 84 | L24: 0 | N24: =max(L24:M24) -> 0 | O24: 97 | P24: =K24/20+N24/40+O24/20 -> 9.05 | Q24: 7 | R24: 9 | S24: 7 | T24: 10 | U24: 13 | V24: 12 | W24: 18 | X24: 0 | Y24: 0 | Z24: 29 | AB24: =SUM(Q24:AA24)/20 -> 5.25 | AC24: 0 | AD24: 343 | AF24: =(AC24+AD24)/40 -> 8.575 | AG24: =F24+J24+P24+AB24+AF24 -> 49.958333 | AH24: C-
A25: CHANDRA DHANAVATH SHIVA | B25: B25EC011 | C25: dschandra@iitbhilai.ac.in | D25: =VLOOKUP(B25,'EC-Nitin'!$B$2:$F$46,5) -> 20 | E25: 7 | F25: =0.5*(D25+E25) -> 13.5 | G25: 10 | H25: 15 | I25: 22 | J25: =G25/4+H25/4+I25/9 -> 8.6944444 | K25: 90 | L25: 180 | N25: =max(L25:M25) -> 180 | P25: =K25/20+N25/40+O25/20 -> 9 | Q25: 6 | R25: 5 | S25: 14 | T25: 13 | U25: 14 | V25: 13 | W25: 18 | X25: 30 | Y25: 30 | Z25: 28 | AA25: 28 | AB25: =SUM(Q25:AA25)/20 -> 9.95 | AC25: 30 | AD25: 330 | AF25: =(AC25+AD25)/40 -> 9 | AG25: =F25+J25+P25+AB25+AF25 -> 50.144444 | AH25: C-
A26: KUMAR ABHISHEK | B26: B25EE002 | C26: abhishekkumar@iitbhilai.ac.in | D26: =VLOOKUP(B26, 'EE-Nitin'!$B$2:$F$57,5) -> 26 | F26: =0.5*(D26+E26) -> 13 | G26: 4 | H26: 7 | I26: 20 | J26: =G26/4+H26/4+I26/9 -> 4.9722222 | K26: 95 | L26: 170 | N26: =max(L26:M26) -> 170 | O26: 96 | P26: =K26/20+N26/40+O26/20 -> 13.8 | Q26: 7 | R26: 3 | S26: 0 | T26: 12 | U26: 14.5 | V26: 14 | W26: 19.5 | X26: 28 | Y26: 28 | Z26: 29 | AA26: 29 | AB26: =SUM(Q26:AA26)/20 -> 9.2 | AC26: 45 | AD26: 345 | AF26: =(AC26+AD26)/40 -> 9.75 | AG26: =F26+J26+P26+AB26+AF26 -> 50.722222 | AH26: C
A27: Bablu Bunker | B27: B25ME016 | C27: 101063313082382402792 | D27: =VLOOKUP(B27, 'ME-Subhashree'!$B$2:$F$56,5) -> 27 | E27: 14 | F27: =0.5*(D27+E27) -> 20.5 | G27: 2 | H27: 6 | I27: 27 | J27: =G27/4+H27/4+I27/9 -> 5 | K27: 80 | L27: 140 | N27: =max(L27:M27) -> 140 | O27: 80 | P27: =K27/20+N27/40+O27/20 -> 11.5 | Q27: 0 | R27: 10 | S27: 9 | T27: 5 | U27: 15 | V27: 13 | W27: 16 | X27: 29 | Y27: 0 | Z27: 30 | AA27: 27 | AB27: =SUM(Q27:AA27)/20 -> 7.7 | AC27: 0 | AD27: 250 | AF27: =(AC27+AD27)/40 -> 6.25 | AG27: =F27+J27+P27+AB27+AF27 -> 50.95 | AH27: C
A28: Aditya Gupta | B28: S25MA001 | C28: ADITYAGUPTA@iitbhilai.ac.in | D28: =VLOOKUP(B28, 'MSC-Vikrant'!B2:F13,5) -> 20 | E28: 11 | F28: =0.5*(D28+E28) -> 15.5 | G28: 9 | H28: 10 | I28: 22 | J28: =G28/4+H28/4+I28/9 -> 7.1944444 | K28: 50 | L28: 165 | M28: 160 | N28: =max(L28:M28) -> 165 | O28: 92 | P28: =K28/20+N28/40+O28/20 -> 11.225 | Q28: 6 | S28: 10 | T28: 5 | U28: 10 | V28: 12 | W28: 15 | X28: 28 | Y28: 30 | Z28: 28 | AA28: 29 | AB28: =SUM(Q28:AA28)/20 -> 8.65 | AC28: 50 | AD28: 290 | AF28: =(AC28+AD28)/40 -> 8.5 | AG28: =F28+J28+P28+AB28+AF28 -> 51.069444 | AH28: C
A29: DIPA SAHA | B29: B25CS014 | C29: dipasaha@iitbhilai.ac.in | D29: =VLOOKUP(B29, 'CSE-Sandeep'!$B$2:$G$61,5) -> 23 | E29: 2 | F29: =0.5*(D29+E29) -> 12.5 | G29: 7 | H29: 7 | I29: 19 | J29: =G29/4+H29/4+I29/9 -> 5.6111111 | K29: 90 | L29: 180 | N29: =max(L29:M29) -> 180 | O29: 95 | P29: =K29/20+N29/40+O29/20 -> 13.75 | Q29: 6 | R29: 7 | S29: 14 | T29: 0 | U29: 14 | V29: 14 | W29: 20 | X29: 30 | Y29: 30 | Z29: 28 | AA29: 28 | AB29: =SUM(Q29:AA29)/20 -> 9.55 | AC29: 50 | AD29: 340 | AF29: =(AC29+AD29)/40 -> 9.75 | AG29: =F29+J29+P29+AB29+AF29 -> 51.161111 | AH29: C
A30: VIVEK WALIKAR | B30: B25EE059 | C30: vivekwalikar@iitbhilai.ac.in | D30: =VLOOKUP(B30, 'EE-Nitin'!$B$2:$F$57,5) -> 29 | E30: 21 | F30: =0.5*(D30+E30) -> 25 | G30: 4.5 | H30: 0 | I30: 17 | J30: =G30/4+H30/4+I30/9 -> 3.0138889 | K30: 100 | M30: 0 | N30: =max(L30:M30) -> 0 | O30: 90 | P30: =K30/20+N30/40+O30/20 -> 9.5 | Q30: 7 | R30: 9 | S30: 0 | T30: 0 | U30: 15 | V30: 15 | W30: 20 | X30: 0 | Y30: 0 | Z30: 30 | AA30: 27 | AB30: =SUM(Q30:AA30)/20 -> 6.15 | AC30: 0 | AD30: 310 | AF30: =(AC30+AD30)/40 -> 7.75 | AG30: =F30+J30+P30+AB30+AF30 -> 51.413889 | AH30: C
A31: BHUKYA PAVAN | B31: B25EE014 | C31: bhukyapavan@iitbhilai.ac.in | D31: =VLOOKUP(B31, 'EE-Nitin'!$B$2:$F$57,5) -> 15 | E31: 19 | F31: =0.5*(D31+E31) -> 17 | G31: 2 | H31: 0 | I31: 16 | J31: =G31/4+H31/4+I31/9 -> 2.2777778 | K31: 93 | L31: 180 | N31: =max(L31:M31) -> 180 | O31: 96 | P31: =K31/20+N31/40+O31/20 -> 13.95 | Q31: 6 | R31: 4 | S31: 0 | T31: 9 | U31: 13 | V31: 10 | W31: 18 | X31: 26 | Y31: 29 | Z31: 28 | AA31: 28 | AB31: =SUM(Q31:AA31)/20 -> 8.55 | AC31: 45 | AD31: 341 | AF31: =(AC31+AD31)/40 -> 9.65 | AG31: =F31+J31+P31+AB31+AF31 -> 51.427778 | AH31: C
A32: DISABEN SHAILESHBHAI | B32: S25MA004 | C32: DISABENSP@iitbhilai.ac.in | D32: =VLOOKUP(B32, 'MSC-Vikrant'!B4:F15,5) -> 28 | E32: 5 | F32: =0.5*(D32+E32) -> 16.5 | G32: 9 | H32: 10 | I32: 12 | J32: =G32/4+H32/4+I32/9 -> 6.0833333 | K32: 80 | L32: 158 | N32: =max(L32:M32) -> 158 | O32: 93 | P32: =K32/20+N32/40+O32/20 -> 12.6 | Q32: 7 | R32: 7 | S32: 8 | T32: 0 | U32: 14 | V32: 15 | W32: 12 | X32: 29 | Y32: 27 | Z32: 28 | AB32: =SUM(Q32:AA32)/20 -> 7.35 | AC32: 50 | AD32: 310 | AF32: =(AC32+AD32)/40 -> 9 | AG32: =F32+J32+P32+AB32+AF32 -> 51.533333 | AH32: C
A33: KUMAR DAYA SHANKAR | B33: B25ME024 | C33: dskumar@iitbhilai.ac.in | D33: =VLOOKUP(B33, 'ME-Subhashree'!$B$2:$F$56,5) -> 27 | E33: 21 | F33: =0.5*(D33+E33) -> 24 | G33: 7 | H33: 10 | I33: 29 | J33: =G33/4+H33/4+I33/9 -> 7.4722222 | K33: 80 | L33: 150 | N33: =max(L33:M33) -> 150 | O33: 0 | P33: =K33/20+N33/40+O33/20 -> 7.75 | Q33: 6 | R33: 5 | S33: 14 | T33: 10 | U33: 15 | V33: 14 | W33: 20 | X33: 30 | Y33: 28 | Z33: 27 | AA33: 29 | AB33: =SUM(Q33:AA33)/20 -> 9.9 | AC33: 50 | AD33: 50 | AF33: =(AC33+AD33)/40 -> 2.5 | AG33: =F33+J33+P33+AB33+AF33 -> 51.622222 | AH33: C
A34: SHARMA TEJASVI | B34: B25DS038 | C34: tejasvisharma@iitbhilai.ac.in | D34: =VLOOKUP(B34,'DSAI-Vikrant'!$B$2:$F$44,5) -> 18 | E34: 22 | F34: =0.5*(D34+E34) -> 20 | G34: 8 | H34: 7 | I34: 6 | J34: =G34/4+H34/4+I34/9 -> 4.4166667 | K34: 75 | L34: 0 | M34: 175 | N34: =max(L34:M34) -> 175 | O34: 87 | P34: =K34/20+N34/40+O34/20 -> 12.475 | Q34: 7 | S34: 8 | T34: 0 | U34: 14 | V34: 14 | W34: 20 | X34: 0 | Y34: 0 | Z34: 28 | AA34: 30 | AB34: =SUM(Q34:AA34)/20 -> 6.05 | AC34: 30 | AD34: 320 | AF34: =(AC34+AD34)/40 -> 8.75 | AG34: =F34+J34+P34+AB34+AF34 -> 51.691667 | AH34: C
A35: KASHISH KUMARI | B35: B25ME036 | C35: kkumari@iitbhilai.ac.in | D35: =VLOOKUP(B35, 'ME-Subhashree'!$B$2:$F$56,5) -> 28 | E35: 16 | F35: =0.5*(D35+E35) -> 22 | G35: 5 | H35: 2 | I35: 9 | J35: =G35/4+H35/4+I35/9 -> 2.75 | K35: 50 | L35: 125 | N35: =max(L35:M35) -> 125 | O35: 100 | P35: =K35/20+N35/40+O35/20 -> 10.625 | Q35: 6 | R35: 5 | S35: 12 | T35: 12 | U35: 12 | V35: 11 | W35: 20 | X35: 30 | Y35: 28 | AA35: 29 | AB35: =SUM(Q35:AA35)/20 -> 8.25 | AC35: 30 | AD35: 300 | AF35: =(AC35+AD35)/40 -> 8.25 | AG35: =F35+J35+P35+AB35+AF35 -> 51.875 | AH35: C
A36: WRIJESH LUNA | B36: S25MA017 | C36: WRIJESHLUNA@iitbhilai.ac.in | D36: =VLOOKUP(B36, 'MSC-Vikrant'!B12:F23,5) -> 15 | E36: 18 | F36: =0.5*(D36+E36) -> 16.5 | G36: 6 | H36: 10 | I36: 23 | J36: =G36/4+H36/4+I36/9 -> 6.5555556 | K36: 85 | L36: 160 | N36: =max(L36:M36) -> 160 | O36: 92 | P36: =K36/20+N36/40+O36/20 -> 12.85 | Q36: 6 | R36: 6 | S36: 8 | T36: 0 | U36: 14 | V36: 15 | W36: 12 | X36: 28 | Y36: 27 | Z36: 30 | AB36: =SUM(Q36:AA36)/20 -> 7.3 | AC36: 50 | AD36: 300 | AF36: =(AC36+AD36)/40 -> 8.75 | AG36: =F36+J36+P36+AB36+AF36 -> 51.955556 | AH36: C
A37: DEVA PRIYAN S | B37: B25ME025 | C37: dpriyans@iitbhilai.ac.in | D37: =VLOOKUP(B37, 'ME-Subhashree'!$B$2:$F$56,5) -> 32 | E37: 20 | F37: =0.5*(D37+E37) -> 26 | G37: 3 | H37: 2 | I37: 16 | J37: =G37/4+H37/4+I37/9 -> 3.0277778 | K37: 100 | M37: 170 | N37: =max(L37:M37) -> 170 | O37: 0 | P37: =K37/20+N37/40+O37/20 -> 9.25 | Q37: 7 | R37: 1 | S37: 15 | T37: 10 | U37: 15 | V37: 13 | W37: 20 | X37: 0 | Y37: 0 | Z37: 30 | AA37: 27 | AB37: =SUM(Q37:AA37)/20 -> 6.9 | AC37: 0 | AD37: 330 | AF37: =(AC37+AD37)/40 -> 8.25 | AG37: =F37+J37+P37+AB37+AF37 -> 53.427778 | AH37: C
A38: BHANAVATHU PANDU | B38: B25ME019 | C38: bpandu@iitbhilai.ac.in | D38: =VLOOKUP(B38, 'ME-Subhashree'!$B$2:$F$56,5) -> 24 | E38: 15 | F38: =0.5*(D38+E38) -> 19.5 | G38: 2 | H38: 9.5 | I38: 18 | J38: =G38/4+H38/4+I38/9 -> 4.875 | K38: 80 | L38: 155 | N38: =max(L38:M38) -> 155 | O38: 98 | P38: =K38/20+N38/40+O38/20 -> 12.775 | Q38: 5 | R38: 5 | S38: 12 | T38: 12 | U38: 15 | V38: 12 | W38: 20 | X38: 22 | Y38: 17 | Z38: 29 | AA38: 28 | AB38: =SUM(Q38:AA38)/20 -> 8.85 | AC38: 50 | AD38: 250 | AF38: =(AC38+AD38)/40 -> 7.5 | AG38: =F38+J38+P38+AB38+AF38 -> 53.5 | AH38: C
A39: KAMBLE NINAD | B39: B25EE033 | C39: ninadkamble@iitbhilai.ac.in | D39: =VLOOKUP(B39, 'EE-Nitin'!$B$2:$F$57,5) -> 33 | E39: 9 | F39: =0.5*(D39+E39) -> 21 | G39: 2 | H39: 9 | I39: 15 | J39: =G39/4+H39/4+I39/9 -> 4.4166667 | K39: 90 | L39: 95 | N39: =max(L39:M39) -> 95 | O39: 97 | P39: =K39/20+N39/40+O39/20 -> 11.725 | Q39: 5 | R39: 0 | S39: 7 | T39: 6 | U39: 0 | V39: 13.5 | W39: 19.5 | X39: 0 | Y39: 28 | Z39: 29 | AA39: 27 | AB39: =SUM(Q39:AA39)/20 -> 6.75 | AC39: 45 | AD39: 342 | AF39: =(AC39+AD39)/40 -> 9.675 | AG39: =F39+J39+P39+AB39+AF39 -> 53.566667 | AH39: C
A40: TEJASWINEE NAIK | B40: S25MA015 | C40: TEJASWINEENAIK@iitbhilai.ac.in | D40: =VLOOKUP(B40, 'MSC-Vikrant'!B10:F21,5) -> 25 | E40: 10 | F40: =0.5*(D40+E40) -> 17.5 | G40: 11 | H40: 6 | I40: 20 | J40: =G40/4+H40/4+I40/9 -> 6.4722222 | K40: 95 | L40: 160 | N40: =max(L40:M40) -> 160 | O40: 93 | P40: =K40/20+N40/40+O40/20 -> 13.4 | Q40: 7 | R40: 8 | S40: 7 | T40: 0 | U40: 13 | V40: 15 | W40: 13 | X40: 30 | Y40: 27 | Z40: 30 | AB40: =SUM(Q40:AA40)/20 -> 7.5 | AC40: 50 | AD40: 300 | AF40: =(AC40+AD40)/40 -> 8.75 | AG40: =F40+J40+P40+AB40+AF40 -> 53.622222 | AH40: C
A41: BABU KOYYA SUMANTH | B41: B25EC022 | C41: 101109902469752077891 | D41: =VLOOKUP(B41,'EC-Nitin'!$B$2:$F$46,5) -> 24 | E41: 5 | F41: =0.5*(D41+E41) -> 14.5 | G41: 4 | H41: 7 | I41: 20 | J41: =G41/4+H41/4+I41/9 -> 4.9722222 | K41: 90 | L41: 170 | M41: 200 | N41: =max(L41:M41) -> 200 | O41: 95 | P41: =K41/20+N41/40+O41/20 -> 14.25 | Q41: 7 | R41: 7 | S41: 13 | T41: 13 | U41: 14 | V41: 14 | W41: 20 | X41: 30 | Y41: 30 | Z41: 29 | AA41: 28 | AB41: =SUM(Q41:AA41)/20 -> 10.25 | AC41: 40 | AD41: 350 | AF41: =(AC41+AD41)/40 -> 9.75 | AG41: =F41+J41+P41+AB41+AF41 -> 53.722222 | AH41: C
A42: KUNDELU PRANAY RAJ | B42: B25MT014 | C42: kpraj@iitbhilai.ac.in | D42: =VLOOKUP(B42,MT!$B$2:$F$30,5) -> 30 | E42: 6 | F42: =0.5*(D42+E42) -> 18 | G42: 6 | H42: 6 | I42: 12.5 | J42: =G42/4+H42/4+I42/9 -> 4.3888889 | K42: 75 | L42: 150 | N42: =max(L42:M42) -> 150 | O42: 100 | P42: =K42/20+N42/40+O42/20 -> 12.5 | Q42: 5 | R42: 10 | T42: 13 | U42: 13 | V42: 13.5 | W42: 18 | X42: 29 | Y42: 29 | Z42: 28 | AA42: 28 | AB42: =SUM(Q42:AA42)/20 -> 9.325 | AC42: 45 | AD42: 350 | AF42: =(AC42+AD42)/40 -> 9.875 | AG42: =F42+J42+P42+AB42+AF42 -> 54.088889 | AH42: F | AI42: Course Policy
A43: UDAYVEER | B43: B25EC040 | C43: usingh@iitbhilai.ac.in | D43: =VLOOKUP(B43,'EC-Nitin'!$B$2:$F$46,5) -> 23 | E43: 21 | F43: =0.5*(D43+E43) -> 22 | G43: 9 | I43: 40 | J43: =G43/4+H43/4+I43/9 -> 6.6944444 | K43: 85 | L43: 170 | N43: =max(L43:M43) -> 170 | O43: 99 | P43: =K43/20+N43/40+O43/20 -> 13.45 | Q43: 5 | R43: 6 | S43: 9 | T43: 10 | U43: 9 | V43: 9 | W43: 0 | X43: 0 | AB43: =SUM(Q43:AA43)/20 -> 2.4 | AC43: 49 | AD43: 342 | AF43: =(AC43+AD43)/40 -> 9.775 | AG43: =F43+J43+P43+AB43+AF43 -> 54.319444 | AH43: C
A44: Paltyavath Saikiran | B44: B25CS038 | C44: paltyavathsai@iitbhilai.ac.in | D44: =VLOOKUP(B44, 'CSE-Sandeep'!$B$2:$G$61,5) -> 27 | E44: 14 | F44: =0.5*(D44+E44) -> 20.5 | G44: 5 | H44: 7 | I44: 16 | J44: =G44/4+H44/4+I44/9 -> 4.7777778 | K44: 100 | L44: 80 | N44: =max(L44:M44) -> 80 | O44: 96 | P44: =K44/20+N44/40+O44/20 -> 11.8 | Q44: 5 | R44: 3 | S44: 9.5 | T44: 0 | U44: 8 | V44: 9 | W44: 15 | X44: 24 | Y44: 28 | Z44: 29 | AA44: 29 | AB44: =SUM(Q44:AA44)/20 -> 7.975 | AC44: 50 | AD44: 350 | AF44: =(AC44+AD44)/40 -> 10 | AG44: =F44+J44+P44+AB44+AF44 -> 55.052778 | AH44: C
A45: SINGH SHREYANSH PRATAP | B45: B25CS050 | C45: shreyanshpra@iitbhilai.ac.in | D45: =VLOOKUP(B45, 'CSE-Sandeep'!$B$2:$G$61,5) -> 46 | E45: 31 | F45: =0.5*(D45+E45) -> 38.5 | G45: 16 | I45: 30 | J45: =G45/4+H45/4+I45/9 -> 7.3333333 | K45: 100 | N45: =max(L45:M45) -> 0 | P45: =K45/20+N45/40+O45/20 -> 5 | Q45: 7 | R45: 9 | T45: 9 | U45: 12 | V45: 12 | W45: 16 | Z45: 30 | AB45: =SUM(Q45:AA45)/20 -> 4.75 | AC45: 10 | AF45: =(AC45+AD45)/40 -> 0.25 | AG45: =F45+J45+P45+AB45+AF45 -> 55.833333 | AH45: C
A46: ANUBHAV NARVARIYA | B46: B25ME009 | C46: anarvariya@iitbhilai.ac.in | D46: =VLOOKUP(B46, 'ME-Subhashree'!$B$2:$F$56,5) -> 35 | E46: 21 | F46: =0.5*(D46+E46) -> 28 | G46: 4 | H46: 5 | I46: 20 | J46: =G46/4+H46/4+I46/9 -> 4.4722222 | K46: 90 | L46: 175 | N46: =max(L46:M46) -> 175 | O46: 98 | P46: =K46/20+N46/40+O46/20 -> 13.775 | Q46: 6 | R46: 2 | S46: 6 | T46: 5 | U46: 12 | V46: 13 | W46: 18 | X46: 25 | Y46: 28 | Z46: 30 | AA46: 28 | AB46: =SUM(Q46:AA46)/20 -> 8.65 | AC46: 40 | AF46: =(AC46+AD46)/40 -> 1 | AG46: =F46+J46+P46+AB46+AF46 -> 55.897222 | AH46: C
A47: DHABBARA VIVEK CHOWDARY | B47: B25DS009 | C47: dhabbaravivek@iitbhilai.ac.in | D47: =VLOOKUP(B47,'DSAI-Vikrant'!$B$2:$F$44,5) -> 20 | E47: 26 | F47: =0.5*(D47+E47) -> 23 | G47: 13 | H47: 2.5 | I47: 8 | J47: =G47/4+H47/4+I47/9 -> 4.7638889 | K47: 95 | L47: 170 | N47: =max(L47:M47) -> 170 | O47: 75 | P47: =K47/20+N47/40+O47/20 -> 12.75 | Q47: 4 | R47: 8 | S47: 10 | T47: 10 | U47: 14 | V47: 13.5 | W47: 20 | X47: 27 | Y47: 21 | AA47: 28 | AB47: =SUM(Q47:AA47)/20 -> 7.775 | AC47: 30 | AD47: 280 | AF47: =(AC47+AD47)/40 -> 7.75 | AG47: =F47+J47+P47+AB47+AF47 -> 56.038889 | AH47: C
A48: ROMIT PUSHKAR | B48: S25MA013 | C48: ROMITPUSHKAR@iitbhilai.ac.in | D48: =VLOOKUP(B48, 'MSC-Vikrant'!B8:F19,5) -> 30 | E48: 17 | F48: =0.5*(D48+E48) -> 23.5 | G48: 7 | H48: 13 | I48: 8.5 | J48: =G48/4+H48/4+I48/9 -> 5.9444444 | K48: 90 | M48: 165 | N48: =max(L48:M48) -> 165 | O48: 90 | P48: =K48/20+N48/40+O48/20 -> 13.125 | Q48: 6 | S48: 8 | T48: 5 | U48: 15 | W48: 13 | Z48: 30 | AA48: 28 | AB48: =SUM(Q48:AA48)/20 -> 5.25 | AC48: 50 | AD48: 310 | AF48: =(AC48+AD48)/40 -> 9 | AG48: =F48+J48+P48+AB48+AF48 -> 56.819444 | AH48: C
A49: Velavalapalli Anjana | B49: B25DS041 | C49: velavalapallian@iitbhilai.ac.in | D49: =VLOOKUP(B49,'DSAI-Vikrant'!$B$2:$F$44,5) -> 27 | E49: 13 | F49: =0.5*(D49+E49) -> 20 | G49: 10 | H49: 5 | I49: 15.5 | J49: =G49/4+H49/4+I49/9 -> 5.4722222 | K49: 80 | L49: 0 | M49: 175 | N49: =max(L49:M49) -> 175 | O49: 92 | P49: =K49/20+N49/40+O49/20 -> 12.975 | Q49: 5 | R49: 4 | S49: 7 | T49: 11 | U49: 14 | V49: 13 | W49: 14 | X49: 29 | Y49: 25 | Z49: 28 | AA49: 28 | AB49: =SUM(Q49:AA49)/20 -> 8.9 | AC49: 50 | AD49: 330 | AF49: =(AC49+AD49)/40 -> 9.5 | AG49: =F49+J49+P49+AB49+AF49 -> 56.847222 | AH49: C
A50: AARADHYA NAKKA | B50: B25EE030 | C50: nakkaaaradhya@iitbhilai.ac.in | D50: =VLOOKUP(B50, 'EE-Nitin'!$B$2:$F$57,5) -> 25 | E50: 15 | F50: =0.5*(D50+E50) -> 20 | G50: 4 | H50: 8 | I50: 26 | J50: =G50/4+H50/4+I50/9 -> 5.8888889 | K50: 93 | L50: 170 | M50: 165 | N50: =max(L50:M50) -> 170 | O50: 98 | P50: =K50/20+N50/40+O50/20 -> 13.8 | Q50: 7 | R50: 2 | S50: 7 | T50: 12 | U50: 14.5 | V50: 11.5 | W50: 19.5 | X50: 28 | Y50: 0 | Z50: 28 | AA50: 28 | AB50: =SUM(Q50:AA50)/20 -> 7.875 | AC50: 45 | AD50: 345 | AF50: =(AC50+AD50)/40 -> 9.75 | AG50: =F50+J50+P50+AB50+AF50 -> 57.313889 | AH50: C
A51: SHUBHAM KUMAR | B51: B25EE054 | C51: shubhamku@iitbhilai.ac.in | D51: =VLOOKUP(B51, 'EE-Nitin'!$B$2:$F$57,5) -> 22 | E51: 19 | F51: =0.5*(D51+E51) -> 20.5 | G51: 5 | H51: 8 | I51: 26.5 | J51: =G51/4+H51/4+I51/9 -> 6.1944444 | K51: 100 | L51: 110 | N51: =max(L51:M51) -> 110 | O51: 80 | P51: =K51/20+N51/40+O51/20 -> 11.75 | Q51: 7 | R51: 0 | S51: 12 | T51: 8 | U51: 14 | V51: 15 | W51: 20 | X51: 28 | Y51: 27 | Z51: 30 | AA51: 28 | AB51: =SUM(Q51:AA51)/20 -> 9.45 | AC51: 50 | AD51: 330 | AF51: =(AC51+AD51)/40 -> 9.5 | AG51: =F51+J51+P51+AB51+AF51 -> 57.394444 | AH51: C
A52: K.Ram Charan Reddy | B52: B25EC023 | C52: krcreddy@iitbhilai.ac.in | D52: =VLOOKUP(B52,'EC-Nitin'!$B$2:$F$46,5) -> 34 | E52: 10 | F52: =0.5*(D52+E52) -> 22 | G52: 4 | H52: 17.5 | I52: 19 | J52: =G52/4+H52/4+I52/9 -> 7.4861111 | K52: 100 | L52: 185 | N52: =max(L52:M52) -> 185 | O52: 95 | P52: =K52/20+N52/40+O52/20 -> 14.375 | R52: 5 | S52: 0 | T52: 5 | U52: 0 | V52: 0 | W52: 0 | X52: 13 | Y52: 30 | Z52: 28 | AB52: =SUM(Q52:AA52)/20 -> 4.05 | AC52: 49 | AD52: 346 | AF52: =(AC52+AD52)/40 -> 9.875 | AG52: =F52+J52+P52+AB52+AF52 -> 57.786111 | AH52: B-
A53: POLINEDI RESHMITHA | B53: B25CS040 | C53: polinedire@iitbhilai.ac.in | D53: =VLOOKUP(B53, 'CSE-Sandeep'!$B$2:$G$61,5) -> 27 | E53: 21 | F53: =0.5*(D53+E53) -> 24 | G53: 5 | H53: 5.5 | I53: 18.5 | J53: =G53/4+H53/4+I53/9 -> 4.6805556 | K53: 100 | L53: 200 | N53: =max(L53:M53) -> 200 | O53: 80 | P53: =K53/20+N53/40+O53/20 -> 14 | Q53: 4 | R53: 2 | S53: 11 | T53: 11 | U53: 0 | V53: 11 | W53: 16 | X53: 24 | Z53: 28 | AB53: =SUM(Q53:AA53)/20 -> 5.35 | AC53: 50 | AD53: 350 | AF53: =(AC53+AD53)/40 -> 10 | AG53: =F53+J53+P53+AB53+AF53 -> 58.030556 | AH53: B-
A54: NIMMAKAYALA ESWAR SAI KAMAL | B54: B25MM016 | C54: neskamal@iitbhilai.ac.in | D54: =VLOOKUP(B54,'MM-Subhashree'!$B$2:F$26,5) -> 21 | E54: 16 | F54: =0.5*(D54+E54) -> 18.5 | G54: 4 | H54: 1 | I54: 39 | J54: =G54/4+H54/4+I54/9 -> 5.5833333 | K54: 100 | L54: 189 | N54: =max(L54:M54) -> 189 | O54: 98 | P54: =K54/20+N54/40+O54/20 -> 14.625 | Q54: 7 | R54: 6 | S54: 14 | T54: 13 | U54: 14.5 | V54: 7.5 | W54: 19.5 | X54: 28 | Y54: 25 | Z54: 29 | AA54: 28 | AB54: =SUM(Q54:AA54)/20 -> 9.575 | AC54: 48 | AD54: 350 | AF54: =(AC54+AD54)/40 -> 9.95 | AG54: =F54+J54+P54+AB54+AF54 -> 58.233333 | AH54: B-
A55: GAUTAM JOGI | B55: B25DS011 | C55: gautamjogi@iitbhilai.ac.in | D55: =VLOOKUP(B55,'DSAI-Vikrant'!$B$2:$F$44,5) -> 33 | E55: 15 | F55: =0.5*(D55+E55) -> 24 | G55: 9 | H55: 8 | I55: 16 | J55: =G55/4+H55/4+I55/9 -> 6.0277778 | K55: 90 | L55: 160 | N55: =max(L55:M55) -> 160 | O55: 100 | P55: =K55/20+N55/40+O55/20 -> 13.5 | Q55: 7 | R55: 6 | S55: 6 | T55: 7 | U55: 13 | V55: 13 | W55: 0 | X55: 26 | Y55: 26 | Z55: 30 | AB55: =SUM(Q55:AA55)/20 -> 6.7 | AC55: 35 | AD55: 300 | AF55: =(AC55+AD55)/40 -> 8.375 | AG55: =F55+J55+P55+AB55+AF55 -> 58.602778 | AH55: B-
A56: YASWANTH RAMALA | B56: B25MT020 | C56: ryaswanth@iitbhilai.ac.in | D56: =VLOOKUP(B56,MT!$B$2:$F$30,5) -> 30 | E56: 11 | F56: =0.5*(D56+E56) -> 20.5 | G56: 5 | H56: 9.5 | I56: 20 | J56: =G56/4+H56/4+I56/9 -> 5.8472222 | K56: 90 | L56: 200 | N56: =max(L56:M56) -> 200 | O56: 100 | P56: =K56/20+N56/40+O56/20 -> 14.5 | Q56: 3 | R56: 3 | S56: 10 | T56: 14 | U56: 10 | W56: 19 | X56: 29 | Y56: 30 | Z56: 29 | AA56: 30 | AB56: =SUM(Q56:AA56)/20 -> 8.85 | AC56: 45 | AD56: 340 | AF56: =(AC56+AD56)/40 -> 9.625 | AG56: =F56+J56+P56+AB56+AF56 -> 59.322222 | AH56: B-
A57: Bokkala Sathwika | B57: B25MM007 | C57: bsathwika@iitbhilai.ac.in | D57: =VLOOKUP(B57,'MM-Subhashree'!$B$2:F$26,5) -> 30 | E57: 4 | F57: =0.5*(D57+E57) -> 17 | G57: 7 | H57: 13 | I57: 38 | J57: =G57/4+H57/4+I57/9 -> 9.2222222 | K57: 87 | L57: 191 | N57: =max(L57:M57) -> 191 | O57: 99 | P57: =K57/20+N57/40+O57/20 -> 14.075 | Q57: 7 | R57: 6 | S57: 9 | U57: 15 | V57: 15 | W57: 20 | X57: 29 | Y57: 26 | Z57: 30 | AA57: 29 | AB57: =SUM(Q57:AA57)/20 -> 9.3 | AC57: 49 | AD57: 350 | AF57: =(AC57+AD57)/40 -> 9.975 | AG57: =F57+J57+P57+AB57+AF57 -> 59.572222 | AH57: B-
A58: KUMAR NITISH | B58: B25MM018 | C58: nitishkr@iitbhilai.ac.in | D58: =VLOOKUP(B58,'MM-Subhashree'!$B$2:F$26,5) -> 25 | E58: 10 | F58: =0.5*(D58+E58) -> 17.5 | G58: 9 | H58: 13 | I58: 39 | J58: =G58/4+H58/4+I58/9 -> 9.8333333 | K58: 82 | L58: 156 | N58: =max(L58:M58) -> 156 | O58: 98 | P58: =K58/20+N58/40+O58/20 -> 12.9 | Q58: 7 | R58: 3 | S58: 6 | T58: 14 | U58: 15 | V58: 12 | W58: 19 | X58: 29 | Y58: 28 | Z58: 29 | AA58: 29 | AB58: =SUM(Q58:AA58)/20 -> 9.55 | AC58: 49 | AD58: 350 | AF58: =(AC58+AD58)/40 -> 9.975 | AG58: =F58+J58+P58+AB58+AF58 -> 59.758333 | AH58: B-
A59: VISHESH SINGH | B59: B25MT031 | C59: vsingh@iitbhilai.ac.in | D59: =VLOOKUP(B59,MT!$B$2:$F$30,5) -> 30 | E59: 13 | F59: =0.5*(D59+E59) -> 21.5 | G59: 6 | H59: 12 | I59: -1 | J59: =G59/4+H59/4+I59/9 -> 4.3888889 | K59: 85 | L59: 200 | N59: =max(L59:M59) -> 200 | O59: 100 | P59: =K59/20+N59/40+O59/20 -> 14.25 | Q59: 7 | R59: 8 | S59: 12 | T59: 14 | U59: 12 | V59: 12.5 | W59: 18 | X59: 30 | Y59: 28 | Z59: 28 | AA59: 29 | AB59: =SUM(Q59:AA59)/20 -> 9.925 | AC59: 50 | AD59: 345 | AF59: =(AC59+AD59)/40 -> 9.875 | AG59: =F59+J59+P59+AB59+AF59 -> 59.938889 | AH59: B-
A60: SNIGDHA VENNAPUREDDY | B60: B25CS052 | C60: snigdhavenna@iitbhilai.ac.in | D60: =VLOOKUP(B60, 'CSE-Sandeep'!$B$2:$G$61,5) -> 41 | E60: 21 | F60: =0.5*(D60+E60) -> 31 | G60: 9.5 | H60: 12 | I60: 30 | J60: =G60/4+H60/4+I60/9 -> 8.7083333 | K60: 100 | L60: 100 | M60: 190 | N60: =max(L60:M60) -> 190 | P60: =K60/20+N60/40+O60/20 -> 9.75 | Q60: 6 | R60: 2 | T60: 10 | V60: 10 | W60: 18 | AB60: =SUM(Q60:AA60)/20 -> 2.3 | AC60: 50 | AD60: 290 | AF60: =(AC60+AD60)/40 -> 8.5 | AG60: =F60+J60+P60+AB60+AF60 -> 60.258333 | AH60: B-
A61: Anugu Raghupathi | B61: B25CS007 | C61: anuguraghu@iitbhilai.ac.in | D61: =VLOOKUP(B61, 'CSE-Sandeep'!$B$2:$G$61,5) -> 24 | E61: 18 | F61: =0.5*(D61+E61) -> 21 | G61: 15 | H61: 15 | I61: 35 | J61: =G61/4+H61/4+I61/9 -> 11.388889 | K61: 85 | L61: 180 | N61: =max(L61:M61) -> 180 | P61: =K61/20+N61/40+O61/20 -> 8.75 | Q61: 5 | R61: 5 | S61: 14 | T61: 10 | U61: 15 | V61: 12 | W61: 20 | X61: 30 | Y61: 24 | Z61: 29 | AA61: 29 | AB61: =SUM(Q61:AA61)/20 -> 9.65 | AC61: 40 | AD61: 340 | AF61: =(AC61+AD61)/40 -> 9.5 | AG61: =F61+J61+P61+AB61+AF61 -> 60.288889 | AH61: B-
A62: GUPTA SHIVAM KUMAR | B62: B25EE052 | C62: shivamkumar@iitbhilai.ac.in | D62: =VLOOKUP(B62, 'EE-Nitin'!$B$2:$F$57,5) -> 37 | E62: 20 | F62: =0.5*(D62+E62) -> 28.5 | G62: 3 | H62: 7 | I62: 27 | J62: =G62/4+H62/4+I62/9 -> 5.5 | K62: 60 | L62: 105 | N62: =max(L62:M62) -> 105 | O62: 100 | P62: =K62/20+N62/40+O62/20 -> 10.625 | Q62: 0 | R62: 2 | S62: 0 | T62: 6 | U62: 5 | V62: 0 | W62: 15 | X62: 23 | Y62: 24 | Z62: 29 | AA62: 28 | AB62: =SUM(Q62:AA62)/20 -> 6.6 | AC62: 30 | AD62: 335 | AF62: =(AC62+AD62)/40 -> 9.125 | AG62: =F62+J62+P62+AB62+AF62 -> 60.35 | AH62: B-
A63: JAYANSHI AGARWAL | B63: B25MM011 | C63: jayanshia@iitbhilai.ac.in | D63: =VLOOKUP(B63,'MM-Subhashree'!$B$2:F$26,5) -> 25 | E63: 27 | F63: =0.5*(D63+E63) -> 26 | G63: 7 | H63: 11 | I63: 38 | J63: =G63/4+H63/4+I63/9 -> 8.7222222 | K63: 90 | L63: 150 | M63: 195 | N63: =max(L63:M63) -> 195 | P63: =K63/20+N63/40+O63/20 -> 9.375 | Q63: 7 | R63: 4 | T63: 13 | U63: 14.5 | V63: 11 | W63: 20 | X63: 27 | Z63: 30 | AB63: =SUM(Q63:AA63)/20 -> 6.325 | AC63: 50 | AD63: 350 | AF63: =(AC63+AD63)/40 -> 10 | AG63: =F63+J63+P63+AB63+AF63 -> 60.422222 | AH63: B-
A64: Neelisetty venkata RITHWIK | B64: B25DS026 | C64: neelisettyven@iitbhilai.ac.in | D64: =VLOOKUP(B64,'DSAI-Vikrant'!$B$2:$F$44,5) -> 31 | E64: 21 | F64: =0.5*(D64+E64) -> 26 | G64: 5 | H64: 3.5 | I64: 22.5 | J64: =G64/4+H64/4+I64/9 -> 4.625 | K64: 70 | L64: 185 | N64: =max(L64:M64) -> 185 | O64: 92 | P64: =K64/20+N64/40+O64/20 -> 12.725 | Q64: 3 | R64: 5 | S64: 0 | T64: 3 | U64: 11 | V64: 15 | W64: 8.5 | X64: 28 | Y64: 30 | Z64: 28 | AA64: 27 | AB64: =SUM(Q64:AA64)/20 -> 7.925 | AC64: 50 | AD64: 330 | AF64: =(AC64+AD64)/40 -> 9.5 | AG64: =F64+J64+P64+AB64+AF64 -> 60.775 | AH64: B-
A65: RISHABH SAINI | B65: B25EC030 | C65: rsaini@iitbhilai.ac.in | D65: =VLOOKUP(B65,'EC-Nitin'!$B$2:$F$46,5) -> 36 | E65: 27 | F65: =0.5*(D65+E65) -> 31.5 | I65: 22 | J65: =G65/4+H65/4+I65/9 -> 2.4444444 | K65: 85 | L65: 165 | N65: =max(L65:M65) -> 165 | O65: 94 | P65: =K65/20+N65/40+O65/20 -> 13.075 | Q65: 7 | R65: 6 | S65: 6 | T65: 5 | U65: 0 | V65: 6 | W65: 9 | X65: 27 | Y65: 27 | Z65: 29 | AB65: =SUM(Q65:AA65)/20 -> 6.1 | AD65: 325 | AF65: =(AC65+AD65)/40 -> 8.125 | AG65: =F65+J65+P65+AB65+AF65 -> 61.244444 | AH65: B-
A66: ABHILASH BODA | B66: B25ME021 | C66: babhilash@iitbhilai.ac.in | D66: =VLOOKUP(B66, 'ME-Subhashree'!$B$2:$F$56,5) -> 25 | E66: 13 | F66: =0.5*(D66+E66) -> 19 | G66: 6 | H66: 13 | I66: 36 | J66: =G66/4+H66/4+I66/9 -> 8.75 | K66: 100 | L66: 200 | N66: =max(L66:M66) -> 200 | O66: 80 | P66: =K66/20+N66/40+O66/20 -> 14 | Q66: 0 | R66: 8 | S66: 15 | T66: 12 | U66: 15 | V66: 10 | W66: 20 | X66: 30 | Y66: 30 | Z66: 30 | AA66: 29 | AB66: =SUM(Q66:AA66)/20 -> 9.95 | AC66: 50 | AD66: 340 | AF66: =(AC66+AD66)/40 -> 9.75 | AG66: =F66+J66+P66+AB66+AF66 -> 61.45 | AH66: B-
A67: RAMAVATH GEETHIKA | B67: B25DS032 | C67: ramavathge@iitbhilai.ac.in | D67: =VLOOKUP(B67,'DSAI-Vikrant'!$B$2:$F$44,5) -> 35 | E67: 17 | F67: =0.5*(D67+E67) -> 26 | G67: 3 | H67: 10.5 | I67: 21 | J67: =G67/4+H67/4+I67/9 -> 5.7083333 | K67: 90 | L67: 0 | M67: 165 | N67: =max(L67:M67) -> 165 | O67: 85 | P67: =K67/20+N67/40+O67/20 -> 12.875 | Q67: 7 | R67: 3 | S67: 7 | T67: 6 | U67: 14 | V67: 12 | W67: 15 | X67: 28 | Y67: 30 | Z67: 30 | AB67: =SUM(Q67:AA67)/20 -> 7.6 | AC67: 50 | AD67: 340 | AF67: =(AC67+AD67)/40 -> 9.75 | AG67: =F67+J67+P67+AB67+AF67 -> 61.933333 | AH67: B-
A68: MUDAVATH CHINTU | B68: B25EC025 | C68: mchintu@iitbhilai.ac.in | D68: =VLOOKUP(B68,'EC-Nitin'!$B$2:$F$46,5) -> 34 | E68: 12 | F68: =0.5*(D68+E68) -> 23 | G68: 2 | H68: 10 | I68: 31 | J68: =G68/4+H68/4+I68/9 -> 6.4444444 | K68: 95 | L68: 185 | N68: =max(L68:M68) -> 185 | O68: 97 | P68: =K68/20+N68/40+O68/20 -> 14.225 | Q68: 6 | R68: 2 | S68: 9 | T68: 10 | U68: 12 | V68: 5 | W68: 16 | X68: 30 | Y68: 27 | Z68: 29 | AA68: 28 | AB68: =SUM(Q68:AA68)/20 -> 8.7 | AC68: 48 | AD68: 343 | AF68: =(AC68+AD68)/40 -> 9.775 | AG68: =F68+J68+P68+AB68+AF68 -> 62.144444 | AH68: B-
A69: ROHITH LANKIPALLI | B69: B25DS019 | C69: lankipallirohith@iitbhilai.ac.in | D69: =VLOOKUP(B69,'DSAI-Vikrant'!$B$2:$F$44,5) -> 39 | E69: 17 | F69: =0.5*(D69+E69) -> 28 | G69: 8 | H69: 4 | I69: 15 | J69: =G69/4+H69/4+I69/9 -> 4.6666667 | K69: 90 | L69: 170 | N69: =max(L69:M69) -> 170 | O69: 90 | P69: =K69/20+N69/40+O69/20 -> 13.25 | Q69: 6 | R69: 5 | S69: 0 | T69: 3 | U69: 14 | V69: 15 | W69: 20 | X69: 25 | Y69: 24 | Z69: 30 | AA69: 28 | AB69: =SUM(Q69:AA69)/20 -> 8.5 | AC69: 35 | AD69: 280 | AF69: =(AC69+AD69)/40 -> 7.875 | AG69: =F69+J69+P69+AB69+AF69 -> 62.291667 | AH69: B-
A70: NINGTHOUJAM BIRJIT SINGH | B70: S25MA010 | C70: NINGTHOUJAMBS@iitbhilai.ac.in | D70: =VLOOKUP(B70, 'MSC-Vikrant'!B6:F17,5) -> 30 | E70: 25 | F70: =0.5*(D70+E70) -> 27.5 | G70: 7 | H70: 9 | I70: 8 | J70: =G70/4+H70/4+I70/9 -> 4.8888889 | K70: 90 | L70: 170 | M70: 165 | N70: =max(L70:M70) -> 170 | O70: 94 | P70: =K70/20+N70/40+O70/20 -> 13.45 | Q70: 7 | S70: 8 | T70: 6 | U70: 14 | V70: 12 | W70: 14 | X70: 29 | Z70: 27 | AA70: 28 | AB70: =SUM(Q70:AA70)/20 -> 7.25 | AC70: 50 | AD70: 320 | AF70: =(AC70+AD70)/40 -> 9.25 | AG70: =F70+J70+P70+AB70+AF70 -> 62.338889 | AH70: B-
A71: ADITYA RAJ | B71: B25EE005 | C71: adityarajee@iitbhilai.ac.in | D71: =VLOOKUP(B71, 'EE-Nitin'!$B$2:$F$57,5) -> 30 | E71: 16 | F71: =0.5*(D71+E71) -> 23 | G71: 10 | H71: 9 | I71: 23 | J71: =G71/4+H71/4+I71/9 -> 7.3055556 | K71: 90 | L71: 170 | M71: 160 | N71: =max(L71:M71) -> 170 | O71: 97 | P71: =K71/20+N71/40+O71/20 -> 13.6 | Q71: 6 | R71: 0 | S71: 8 | T71: 13.5 | U71: 13 | V71: 12 | W71: 18.5 | X71: 27 | Y71: 28 | Z71: 28 | AA71: 28 | AB71: =SUM(Q71:AA71)/20 -> 9.1 | AC71: 40 | AD71: 342 | AF71: =(AC71+AD71)/40 -> 9.55 | AG71: =F71+J71+P71+AB71+AF71 -> 62.555556 | AH71: B-
A72: RITIKA YADAV | B72: B25MT023 | C72: ryadav@iitbhilai.ac.in | D72: =VLOOKUP(B72,MT!$B$2:$F$30,5) -> 37 | E72: 12 | F72: =0.5*(D72+E72) -> 24.5 | G72: 4 | H72: 9.5 | I72: 20 | J72: =G72/4+H72/4+I72/9 -> 5.5972222 | K72: 95 | L72: 0 | M72: 180 | N72: =max(L72:M72) -> 180 | O72: 85 | P72: =K72/20+N72/40+O72/20 -> 13.5 | Q72: 7 | R72: 2 | S72: 8 | T72: 11 | U72: 12 | V72: 15 | W72: 19.5 | X72: 29 | Y72: 26 | Z72: 28 | AA72: 28 | AB72: =SUM(Q72:AA72)/20 -> 9.275 | AC72: 50 | AD72: 340 | AF72: =(AC72+AD72)/40 -> 9.75 | AG72: =F72+J72+P72+AB72+AF72 -> 62.622222 | AH72: B-
A73: MENTUMU VIVEK VARDHAN | B73: B25MM014 | C73: mvvardhan@iitbhilai.ac.in | D73: =VLOOKUP(B73,'MM-Subhashree'!$B$2:F$26,5) -> 29 | E73: 8 | F73: =0.5*(D73+E73) -> 18.5 | G73: 10 | H73: 13.5 | I73: 40 | J73: =G73/4+H73/4+I73/9 -> 10.319444 | K73: 85 | L73: 193 | N73: =max(L73:M73) -> 193 | O73: 98 | P73: =K73/20+N73/40+O73/20 -> 13.975 | Q73: 5 | R73: 8 | S73: 9 | T73: 14.5 | U73: 15 | V73: 13 | W73: 19.5 | X73: 27 | Y73: 26 | Z73: 30 | AA73: 30 | AB73: =SUM(Q73:AA73)/20 -> 9.85 | AC73: 50 | AD73: 350 | AF73: =(AC73+AD73)/40 -> 10 | AG73: =F73+J73+P73+AB73+AF73 -> 62.644444 | AH73: B-
A74: VIVEKA S | B74: B25MM030 | C74: vivekas@iitbhilai.ac.in | D74: =VLOOKUP(B74,'MM-Subhashree'!$B$2:F$26,5) -> 34 | E74: 22 | F74: =0.5*(D74+E74) -> 28 | G74: 2 | H74: 7 | I74: 38 | J74: =G74/4+H74/4+I74/9 -> 6.4722222 | K74: 80 | L74: 170 | M74: 125 | N74: =max(L74:M74) -> 170 | O74: 98 | P74: =K74/20+N74/40+O74/20 -> 13.15 | R74: 8 | S74: 9 | T74: 14 | U74: 15 | V74: 14 | W74: 15 | Z74: 28 | AB74: =SUM(Q74:AA74)/20 -> 5.15 | AC74: 49 | AD74: 350 | AF74: =(AC74+AD74)/40 -> 9.975 | AG74: =F74+J74+P74+AB74+AF74 -> 62.747222 | AH74: B-
A75: KORRAPATI KARTHIKEYA | B75: B25ME037 | C75: kkarthikey@iitbhilai.ac.in | D75: =VLOOKUP(B75, 'ME-Subhashree'!$B$2:$F$56,5) -> 29 | E75: 23 | F75: =0.5*(D75+E75) -> 26 | G75: 3 | H75: 7 | I75: 24 | J75: =G75/4+H75/4+I75/9 -> 5.1666667 | K75: 100 | L75: 150 | N75: =max(L75:M75) -> 150 | O75: 100 | P75: =K75/20+N75/40+O75/20 -> 13.75 | Q75: 0 | R75: 6 | S75: 15 | T75: 10 | U75: 15 | V75: 15 | W75: 20 | X75: 30 | Y75: 30 | Z75: 28 | AA75: 28 | AB75: =SUM(Q75:AA75)/20 -> 9.85 | AC75: 30 | AD75: 300 | AF75: =(AC75+AD75)/40 -> 8.25 | AG75: =F75+J75+P75+AB75+AF75 -> 63.016667 | AH75: B-
A76: Rahul patil | B76: B25EE044 | C76: rahulgautam@iitbhilai.ac.in | D76: =VLOOKUP(B76, 'EE-Nitin'!$B$2:$F$57,5) -> 35 | E76: 14 | F76: =0.5*(D76+E76) -> 24.5 | G76: 10.5 | H76: 10 | I76: 16 | J76: =G76/4+H76/4+I76/9 -> 6.9027778 | K76: 95 | L76: 165 | N76: =max(L76:M76) -> 165 | O76: 85 | P76: =K76/20+N76/40+O76/20 -> 13.125 | Q76: 7 | R76: 5 | S76: 9 | T76: 5 | U76: 15 | V76: 15 | W76: 20 | X76: 30 | Y76: 30 | Z76: 28 | AA76: 28 | AB76: =SUM(Q76:AA76)/20 -> 9.6 | AC76: 50 | AD76: 320 | AF76: =(AC76+AD76)/40 -> 9.25 | AG76: =F76+J76+P76+AB76+AF76 -> 63.377778 | AH76: B-
A77: MITTIREDDI PAVAN KUMAR | B77: B25CS032 | C77: mittireddipavan@iitbhilai.ac.in | D77: =VLOOKUP(B77, 'CSE-Sandeep'!$B$2:$G$61,5) -> 35 | E77: 21 | F77: =0.5*(D77+E77) -> 28 | G77: 11.5 | H77: 4.5 | I77: 17.5 | J77: =G77/4+H77/4+I77/9 -> 5.9444444 | K77: 90 | L77: 96 | N77: =max(L77:M77) -> 96 | O77: 95 | P77: =K77/20+N77/40+O77/20 -> 11.65 | Q77: 4 | R77: 2 | S77: 14 | T77: 8 | U77: 11 | V77: 8 | W77: 8 | X77: 28 | Y77: 26 | Z77: 30 | AA77: 28 | AB77: =SUM(Q77:AA77)/20 -> 8.35 | AC77: 50 | AD77: 330 | AF77: =(AC77+AD77)/40 -> 9.5 | AG77: =F77+J77+P77+AB77+AF77 -> 63.444444 | AH77: B-
A78: ABHISHEK SINGH | B78: B25EE003 | C78: abhisheksingh@iitbhilai.ac.in | D78: =VLOOKUP(B78, 'EE-Nitin'!$B$2:$F$57,5) -> 47 | E78: 9 | F78: =0.5*(D78+E78) -> 28 | G78: 4 | H78: 4 | I78: 31 | J78: =G78/4+H78/4+I78/9 -> 5.4444444 | K78: 70 | L78: 185 | N78: =max(L78:M78) -> 185 | O78: 97 | P78: =K78/20+N78/40+O78/20 -> 12.975 | Q78: 5 | R78: 5 | S78: 7 | T78: 11 | U78: 14.5 | V78: 13.5 | W78: 19.5 | X78: 20 | Y78: 27 | Z78: 29 | AB78: =SUM(Q78:AA78)/20 -> 7.575 | AC78: 50 | AD78: 343 | AF78: =(AC78+AD78)/40 -> 9.825 | AG78: =F78+J78+P78+AB78+AF78 -> 63.819444 | AH78: B
A79: MANAN GARG | B79: B25ME041 | C79: mgarg@iitbhilai.ac.in | D79: =VLOOKUP(B79, 'ME-Subhashree'!$B$2:$F$56,5) -> 26 | E79: 34 | F79: =0.5*(D79+E79) -> 30 | G79: 9 | H79: 7.5 | I79: 14 | J79: =G79/4+H79/4+I79/9 -> 5.6805556 | K79: 90 | L79: 175 | N79: =max(L79:M79) -> 175 | P79: =K79/20+N79/40+O79/20 -> 8.875 | Q79: 7 | R79: 7 | S79: 12 | T79: 10 | U79: 14 | V79: 13.5 | W79: 19.5 | X79: 27.58 | Y79: 27.11 | Z79: 29 | AA79: 28 | AB79: =SUM(Q79:AA79)/20 -> 9.7345 | AC79: 43 | AD79: 345 | AF79: =(AC79+AD79)/40 -> 9.7 | AG79: =F79+J79+P79+AB79+AF79 -> 63.990056 | AH79: B
A80: ADITYA RAJ | B80: B25DS002 | C80: adityarajds@iitbhilai.ac.in | D80: =VLOOKUP(B80,'DSAI-Vikrant'!$B$2:$F$44,5) -> 30 | E80: 21 | F80: =0.5*(D80+E80) -> 25.5 | G80: 11 | H80: 12 | I80: 29 | J80: =G80/4+H80/4+I80/9 -> 8.9722222 | K80: 96 | L80: 50 | M80: 190 | N80: =max(L80:M80) -> 190 | O80: 80 | P80: =K80/20+N80/40+O80/20 -> 13.55 | Q80: 7 | R80: 5 | S80: 8 | T80: 8 | U80: 14 | V80: 12.5 | W80: 15 | X80: 26 | Y80: 26 | Z80: 29 | AA80: 27 | AB80: =SUM(Q80:AA80)/20 -> 8.875 | AC80: 35 | AD80: 250 | AF80: =(AC80+AD80)/40 -> 7.125 | AG80: =F80+J80+P80+AB80+AF80 -> 64.022222 | AH80: B
A81: RISHI BANSODE | B81: B25MT022 | C81: rbansode@iitbhilai.ac.in | D81: =VLOOKUP(B81,MT!$B$2:$F$30,5) -> 28 | E81: 23 | F81: =0.5*(D81+E81) -> 25.5 | G81: 5 | H81: 19 | I81: 17 | J81: =G81/4+H81/4+I81/9 -> 7.8888889 | K81: 90 | L81: 189 | N81: =max(L81:M81) -> 189 | O81: 80 | P81: =K81/20+N81/40+O81/20 -> 13.225 | Q81: 7 | R81: 7 | S81: 10 | T81: 9 | U81: 10 | V81: 15 | W81: 18 | X81: 26 | Y81: 28 | Z81: 27 | AA81: 28 | AB81: =SUM(Q81:AA81)/20 -> 9.25 | AC81: 20 | AD81: 315 | AF81: =(AC81+AD81)/40 -> 8.375 | AG81: =F81+J81+P81+AB81+AF81 -> 64.238889 | AH81: B
A82: PENUBODI MANOJ SRI VASTAV | B82: B25EE038 | C82: penubodimanoj@iitbhilai.ac.in | D82: =VLOOKUP(B82, 'EE-Nitin'!$B$2:$F$57,5) -> 43 | E82: 9 | F82: =0.5*(D82+E82) -> 26 | G82: 3 | H82: 8.5 | I82: 31 | J82: =G82/4+H82/4+I82/9 -> 6.3194444 | K82: 80 | L82: 180 | N82: =max(L82:M82) -> 180 | O82: 97 | P82: =K82/20+N82/40+O82/20 -> 13.35 | Q82: 6 | R82: 4 | S82: 0 | T82: 10 | U82: 15 | V82: 11.5 | W82: 20 | X82: 28 | Y82: 23 | Z82: 28 | AA82: 28 | AB82: =SUM(Q82:AA82)/20 -> 8.675 | AC82: 50 | AD82: 346 | AF82: =(AC82+AD82)/40 -> 9.9 | AG82: =F82+J82+P82+AB82+AF82 -> 64.244444 | AH82: B
A83: ADARSH DHAKAD | B83: B25ME003 | C83: adhakad@iitbhilai.ac.in | D83: =VLOOKUP(B83, 'ME-Subhashree'!$B$2:$F$56,5) -> 26 | E83: 24 | F83: =0.5*(D83+E83) -> 25 | G83: 7 | H83: 8 | I83: 35 | J83: =G83/4+H83/4+I83/9 -> 7.6388889 | K83: 90 | L83: 100 | M83: 165 | N83: =max(L83:M83) -> 165 | O83: 100 | P83: =K83/20+N83/40+O83/20 -> 13.625 | Q83: 7 | R83: 7 | S83: 12 | T83: 10 | U83: 15 | V83: 14 | W83: 20 | X83: 30 | Y83: 27 | Z83: 27 | AA83: 28 | AB83: =SUM(Q83:AA83)/20 -> 9.85 | AC83: 0 | AD83: 330 | AF83: =(AC83+AD83)/40 -> 8.25 | AG83: =F83+J83+P83+AB83+AF83 -> 64.363889 | AH83: B
A84: SINGHAL PIYUSH | B84: B25EE039 | C84: piyushsinghal@iitbhilai.ac.in | D84: =VLOOKUP(B84, 'EE-Nitin'!$B$2:$F$57,5) -> 36 | E84: 24 | F84: =0.5*(D84+E84) -> 30 | G84: 3 | H84: 9 | I84: 30 | J84: =G84/4+H84/4+I84/9 -> 6.3333333 | K84: 83 | L84: 170 | N84: =max(L84:M84) -> 170 | O84: 97 | P84: =K84/20+N84/40+O84/20 -> 13.25 | Q84: 7 | R84: 5 | S84: 9 | T84: 14 | U84: 0 | V84: 14 | W84: 0 | X84: 0 | Y84: 0 | Z84: 28 | AA84: 28 | AB84: =SUM(Q84:AA84)/20 -> 5.25 | AC84: 45 | AD84: 345 | AF84: =(AC84+AD84)/40 -> 9.75 | AG84: =F84+J84+P84+AB84+AF84 -> 64.583333 | AH84: B
A85: SRAVANTHI KETHAVATH | B85: B25EE025 | C85: kethavathsra@iitbhilai.ac.in | D85: =VLOOKUP(B85, 'EE-Nitin'!$B$2:$F$57,5) -> 33 | E85: 16 | F85: =0.5*(D85+E85) -> 24.5 | G85: 4 | H85: 6.5 | I85: 31 | J85: =G85/4+H85/4+I85/9 -> 6.0694444 | K85: 93 | L85: 165 | M85: 190 | N85: =max(L85:M85) -> 190 | O85: 97 | P85: =K85/20+N85/40+O85/20 -> 14.25 | Q85: 6 | R85: 6 | S85: 7 | T85: 14 | U85: 15 | V85: 15 | W85: 19.5 | X85: 28 | Y85: 29 | Z85: 29 | AA85: 30 | AB85: =SUM(Q85:AA85)/20 -> 9.925 | AC85: 50 | AD85: 345 | AF85: =(AC85+AD85)/40 -> 9.875 | AG85: =F85+J85+P85+AB85+AF85 -> 64.619444 | AH85: B
A86: DYAVA SANJAY | B86: B25EE019 | C86: dyavasanjay@iitbhilai.ac.in | D86: =VLOOKUP(B86, 'EE-Nitin'!$B$2:$F$57,5) -> 42 | E86: 14 | F86: =0.5*(D86+E86) -> 28 | G86: 7 | H86: 4 | I86: 22 | J86: =G86/4+H86/4+I86/9 -> 5.1944444 | K86: 95 | L86: 170 | M86: 143 | N86: =max(L86:M86) -> 170 | O86: 97 | P86: =K86/20+N86/40+O86/20 -> 13.85 | Q86: 7 | R86: 6 | S86: 0 | T86: 14 | U86: 14 | V86: 14 | W86: 19 | X86: 29 | Y86: 27 | Z86: 27 | AA86: 28 | AB86: =SUM(Q86:AA86)/20 -> 9.25 | AC86: 10 | AD86: 346 | AF86: =(AC86+AD86)/40 -> 8.9 | AG86: =F86+J86+P86+AB86+AF86 -> 65.194444 | AH86: B
A87: JASWANTHI DEGALA | B87: B25EE018 | C87: degalaja@iitbhilai.ac.in | D87: =VLOOKUP(B87, 'EE-Nitin'!$B$2:$F$57,5) -> 36 | E87: 21 | F87: =0.5*(D87+E87) -> 28.5 | G87: 4 | H87: 7 | I87: 23 | J87: =G87/4+H87/4+I87/9 -> 5.3055556 | K87: 80 | L87: 165 | M87: 170 | N87: =max(L87:M87) -> 170 | O87: 98 | P87: =K87/20+N87/40+O87/20 -> 13.15 | Q87: 2 | R87: 4 | S87: 0 | T87: 11 | U87: 14 | V87: 10 | W87: 20 | X87: 25 | Y87: 27 | Z87: 28 | AA87: 28 | AB87: =SUM(Q87:AA87)/20 -> 8.45 | AC87: 50 | AD87: 345 | AF87: =(AC87+AD87)/40 -> 9.875 | AG87: =F87+J87+P87+AB87+AF87 -> 65.280556 | AH87: B
A88: MONIKA | B88: B25MT016 | C88: 110252703025030994795 | D88: =VLOOKUP(B88,MT!$B$2:$F$30,5) -> 37 | E88: 19 | F88: =0.5*(D88+E88) -> 28 | G88: 5.5 | H88: 16 | I88: 23.5 | J88: =G88/4+H88/4+I88/9 -> 7.9861111 | K88: 80 | L88: 190 | N88: =max(L88:M88) -> 190 | O88: 100 | P88: =K88/20+N88/40+O88/20 -> 13.75 | Q88: 5 | R88: 4 | S88: 13 | T88: 9 | U88: 8 | V88: 12 | W88: 18 | X88: 0 | Y88: 29 | Z88: 28 | AB88: =SUM(Q88:AA88)/20 -> 6.3 | AC88: 50 | AD88: 320 | AF88: =(AC88+AD88)/40 -> 9.25 | AG88: =F88+J88+P88+AB88+AF88 -> 65.286111 | AH88: B
A89: SOURYA CHANDRAGIRI VENKAT | B89: B25EE016 | C89: chandragiriven@iitbhilai.ac.in | D89: =VLOOKUP(B89, 'EE-Nitin'!$B$2:$F$57,5) -> 33 | E89: 20 | F89: =0.5*(D89+E89) -> 26.5 | G89: 5 | H89: 5 | I89: 26 | J89: =G89/4+H89/4+I89/9 -> 5.3888889 | K89: 94 | L89: 180 | N89: =max(L89:M89) -> 180 | O89: 97 | P89: =K89/20+N89/40+O89/20 -> 14.05 | Q89: 6 | R89: 5 | S89: 12 | T89: 11 | U89: 14.5 | V89: 13 | W89: 19.5 | X89: 27 | Y89: 26 | Z89: 29 | AA89: 28 | AB89: =SUM(Q89:AA89)/20 -> 9.55 | AC89: 50 | AD89: 346 | AF89: =(AC89+AD89)/40 -> 9.9 | AG89: =F89+J89+P89+AB89+AF89 -> 65.388889 | AH89: B
A90: DHARAVATH CHANDANA | B90: B25MM008 | C90: dharavathc@iitbhilai.ac.in | D90: =VLOOKUP(B90,'MM-Subhashree'!$B$2:F$26,5) -> 37 | E90: 14 | F90: =0.5*(D90+E90) -> 25.5 | G90: 9 | H90: 11 | I90: 16 | J90: =G90/4+H90/4+I90/9 -> 6.7777778 | K90: 94 | L90: 170 | M90: 193 | N90: =max(L90:M90) -> 193 | O90: 100 | P90: =K90/20+N90/40+O90/20 -> 14.525 | Q90: 7 | R90: 6 | S90: 12 | T90: 13 | U90: 15 | V90: 13.5 | W90: 18.5 | X90: 28.5 | Y90: 28.5 | Z90: 30 | AB90: =SUM(Q90:AA90)/20 -> 8.6 | AC90: 50 | AD90: 350 | AF90: =(AC90+AD90)/40 -> 10 | AG90: =F90+J90+P90+AB90+AF90 -> 65.402778 | AH90: B
A91: KARAMTOTHU ABHINAV SAI | B91: B25MM012 | C91: kabhinavs@iitbhilai.ac.in | D91: =VLOOKUP(B91,'MM-Subhashree'!$B$2:F$26,5) -> 28 | E91: 21 | F91: =0.5*(D91+E91) -> 24.5 | G91: 4 | H91: 14.5 | I91: 38 | J91: =G91/4+H91/4+I91/9 -> 8.8472222 | K91: 95 | L91: 168 | N91: =max(L91:M91) -> 168 | O91: 98 | P91: =K91/20+N91/40+O91/20 -> 13.85 | Q91: 4 | R91: 8 | U91: 15 | V91: 11.5 | W91: 19 | X91: 26 | Y91: 25 | Z91: 29 | AA91: 29 | AB91: =SUM(Q91:AA91)/20 -> 8.325 | AC91: 49 | AD91: 350 | AF91: =(AC91+AD91)/40 -> 9.975 | AG91: =F91+J91+P91+AB91+AF91 -> 65.497222 | AH91: B
A92: NISHANT PRASAD | B92: B25MM017 | C92: nprasad@iitbhilai.ac.in | D92: =VLOOKUP(B92,'MM-Subhashree'!$B$2:F$26,5) -> 33 | E92: 13 | F92: =0.5*(D92+E92) -> 23 | G92: 6 | H92: 9 | I92: 39 | J92: =G92/4+H92/4+I92/9 -> 8.0833333 | K92: 100 | L92: 183 | N92: =max(L92:M92) -> 183 | O92: 98 | P92: =K92/20+N92/40+O92/20 -> 14.475 | Q92: 7 | R92: 4 | S92: 12 | T92: 14.5 | U92: 15 | V92: 14.5 | W92: 19 | X92: 27 | Y92: 28 | Z92: 29 | AA92: 30 | AB92: =SUM(Q92:AA92)/20 -> 10 | AC92: 49 | AD92: 350 | AF92: =(AC92+AD92)/40 -> 9.975 | AG92: =F92+J92+P92+AB92+AF92 -> 65.533333 | AH92: B
A93: REDDY ANKI REDDY PALLI OBULA | B93: B25EC005 | C93: arporeddy@iitbhilai.ac.in | D93: =VLOOKUP(B93,'EC-Nitin'!$B$2:$F$46,5) -> 41 | E93: 12 | F93: =0.5*(D93+E93) -> 26.5 | G93: 5.5 | H93: 2 | I93: 23 | J93: =G93/4+H93/4+I93/9 -> 4.4305556 | K93: 100 | L93: 200 | N93: =max(L93:M93) -> 200 | O93: 100 | P93: =K93/20+N93/40+O93/20 -> 15 | Q93: 7 | R93: 5 | S93: 15 | T93: 13 | U93: 13 | V93: 14 | W93: 20 | X93: 30 | Y93: 30 | Z93: 29 | AA93: 28 | AB93: =SUM(Q93:AA93)/20 -> 10.2 | AC93: 30 | AD93: 350 | AF93: =(AC93+AD93)/40 -> 9.5 | AG93: =F93+J93+P93+AB93+AF93 -> 65.630556 | AH93: B
A94: Anand Kumar | B94: S25MA002 | C94: ANANDKUM@iitbhilai.ac.in | D94: =VLOOKUP(B94, 'MSC-Vikrant'!B3:F14,5) -> 29 | E94: 27 | F94: =0.5*(D94+E94) -> 28 | G94: 9 | H94: 11 | I94: 8 | J94: =G94/4+H94/4+I94/9 -> 5.8888889 | K94: 85 | L94: 174 | N94: =max(L94:M94) -> 174 | O94: 90 | P94: =K94/20+N94/40+O94/20 -> 13.1 | Q94: 7 | S94: 9 | T94: 11 | U94: 14 | V94: 14 | W94: 16 | X94: 29 | Y94: 21 | Z94: 28 | AA94: 29 | AB94: =SUM(Q94:AA94)/20 -> 8.9 | AC94: 50 | AD94: 340 | AF94: =(AC94+AD94)/40 -> 9.75 | AG94: =F94+J94+P94+AB94+AF94 -> 65.638889 | AH94: B
A95: VISHESH DAYLA | B95: B25DS042 | C95: visheshdayla@iitbhilai.ac.in | D95: =VLOOKUP(B95,'DSAI-Vikrant'!$B$2:$F$44,5) -> 39 | E95: 18 | F95: =0.5*(D95+E95) -> 28.5 | G95: 7 | H95: 10.5 | I95: 17.5 | J95: =G95/4+H95/4+I95/9 -> 6.3194444 | K95: 90 | L95: 175 | N95: =max(L95:M95) -> 175 | O95: 89 | P95: =K95/20+N95/40+O95/20 -> 13.325 | R95: 3 | S95: 8 | T95: 7 | U95: 12 | V95: 13 | W95: 19 | X95: 22 | Y95: 23 | Z95: 28 | AA95: 29 | AB95: =SUM(Q95:AA95)/20 -> 8.2 | AC95: 50 | AD95: 325 | AF95: =(AC95+AD95)/40 -> 9.375 | AG95: =F95+J95+P95+AB95+AF95 -> 65.719444 | AH95: B
A96: AADARSH YOVRAJ SINGH CHOUHAN | B96: B25ME001 | C96: ayschouhan@iitbhilai.ac.in | D96: =VLOOKUP(B96, 'ME-Subhashree'!$B$2:$F$56,5) -> 37 | E96: 18 | F96: =0.5*(D96+E96) -> 27.5 | G96: 6 | H96: 9 | I96: 27 | J96: =G96/4+H96/4+I96/9 -> 6.75 | K96: 90 | L96: 165 | N96: =max(L96:M96) -> 165 | O96: 100 | P96: =K96/20+N96/40+O96/20 -> 13.625 | Q96: 6 | R96: 5 | S96: 7 | T96: 15 | U96: 15 | V96: 13 | W96: 17 | X96: 27 | Y96: 27 | Z96: 28 | AA96: 28 | AB96: =SUM(Q96:AA96)/20 -> 9.4 | AC96: 40 | AD96: 300 | AF96: =(AC96+AD96)/40 -> 8.5 | AG96: =F96+J96+P96+AB96+AF96 -> 65.775 | AH96: B
A97: Yash Vardhan Singh | B97: B25EE060 | C97: yvsingh@iitbhilai.ac.in | D97: =VLOOKUP(B97, 'EE-Nitin'!$B$2:$F$57,5) -> 34 | E97: 32 | F97: =0.5*(D97+E97) -> 33 | G97: 15 | H97: 6.5 | I97: 27 | J97: =G97/4+H97/4+I97/9 -> 8.375 | K97: 90 | L97: 150 | N97: =max(L97:M97) -> 150 | O97: 0 | P97: =K97/20+N97/40+O97/20 -> 8.25 | Q97: 7 | R97: 7 | S97: 0 | T97: 4 | U97: 14 | V97: 14 | W97: 20 | X97: 30 | Y97: 30 | Z97: 28 | AB97: =SUM(Q97:AA97)/20 -> 7.7 | AC97: 30 | AD97: 310 | AF97: =(AC97+AD97)/40 -> 8.5 | AG97: =F97+J97+P97+AB97+AF97 -> 65.825 | AH97: B
A98: rajveerdukiya@iitbhilai.ac.in | B98: B25DS031 | C98: rajveerdukiya@iitbhilai.ac.in | D98: =VLOOKUP(B98,'DSAI-Vikrant'!$B$2:$F$44,5) -> 35 | E98: 19 | F98: =0.5*(D98+E98) -> 27 | G98: 10 | H98: 11.5 | I98: 29 | J98: =G98/4+H98/4+I98/9 -> 8.5972222 | K98: 85 | L98: 180 | N98: =max(L98:M98) -> 180 | O98: 87 | P98: =K98/20+N98/40+O98/20 -> 13.1 | Q98: 7 | R98: 2 | S98: 13 | T98: 8 | U98: 15 | V98: 15 | W98: 18 | X98: 21 | Y98: 24 | Z98: 28 | AA98: 28 | AB98: =SUM(Q98:AA98)/20 -> 8.95 | AC98: 30 | AD98: 300 | AF98: =(AC98+AD98)/40 -> 8.25 | AG98: =F98+J98+P98+AB98+AF98 -> 65.897222 | AH98: B
A99: Vojanth Raj | B99: B25DS016 | C99: komalivojanth@iitbhilai.ac.in | D99: =VLOOKUP(B99,'DSAI-Vikrant'!$B$2:$F$44,5) -> 38 | E99: 24 | F99: =0.5*(D99+E99) -> 31 | G99: 8 | H99: 8.5 | I99: 23 | J99: =G99/4+H99/4+I99/9 -> 6.6805556 | K99: 85 | L99: 145 | N99: =max(L99:M99) -> 145 | O99: 85 | P99: =K99/20+N99/40+O99/20 -> 12.125 | Q99: 5 | R99: 4 | S99: 10 | T99: 6 | U99: 15 | V99: 13 | W99: 15 | X99: 24 | Y99: 24 | Z99: 29 | AA99: 27 | AB99: =SUM(Q99:AA99)/20 -> 8.6 | AC99: 30 | AD99: 280 | AF99: =(AC99+AD99)/40 -> 7.75 | AG99: =F99+J99+P99+AB99+AF99 -> 66.155556 | AH99: B
A100: KUMAR SAUMITRA | B100: B25EE051 | C100: saumitrakumar@iitbhilai.ac.in | D100: =VLOOKUP(B100, 'EE-Nitin'!$B$2:$F$57,5) -> 29 | E100: 25 | F100: =0.5*(D100+E100) -> 27 | G100: 9 | H100: 11 | I100: 15 | J100: =G100/4+H100/4+I100/9 -> 6.6666667 | K100: 80 | L100: 200 | N100: =max(L100:M100) -> 200 | O100: 100 | P100: =K100/20+N100/40+O100/20 -> 14 | Q100: 7 | R100: 2 | S100: 15 | T100: 3 | U100: 8 | V100: 13 | W100: 16 | X100: 26 | Y100: 27 | Z100: 29 | AA100: 27 | AB100: =SUM(Q100:AA100)/20 -> 8.65 | AC100: 50 | AD100: 350 | AF100: =(AC100+AD100)/40 -> 10 | AG100: =F100+J100+P100+AB100+AF100 -> 66.316667 | AH100: B
...

Sheet Copy of Total-CSL100-Intro_Prog
A1: Name | B1: ID | C1: SIS Login ID | D1: End Sem (60552481) | E1: Mid Sem (58777481) | F1: ExamFinal | G1: Offline Quiz 1 (58279106) | H1: Offline Quiz 2 (59288522) | I1: Offline Quiz 3 (60480072) | J1: QuizFinal | K1: Asg1 | L1: Sliding Characters Game Development in Python (57463646) | M1: Python Clock Assignment (Optional*) (58717731) | N1: Asg 2 | O1: Analyzing call record/history data (59288548) | P1: Asg_Final | Q1: Practice Quiz (57192616) | R1: Practice Quiz - 2 (57710859) | S1: Practice Quiz - 3 (57710877) | T1: Practice Quiz - 4 (57710885) | U1: Practice Sheet 1.1 (57352610) | V1: Practice Sheet 1 (soft copy) (57328669) | W1: Practice Sheet 1.2 + Chapter 2 of IITD Notes (57466219) | X1: Selected Problems from Practice Sheets 2, 3, 4 (57884237) | Y1: Practice Sheet 5 and 6 questions (58107442) | Z1: Practice Sheet - Python (59580084) | AA1: Practice Sheet - Whole Syllabus (60148873) | AB1: PracticeSheetTotal | AC1: Course Project Proposal (59288714) | AD1: Final Project (60057608) | AE1: ProjectFinal | AF1: CourseTotal
A2: Vaibhav Khatri | B2: B24DS035 | C2: vaibhavkh@iitbhilai.ac.in | D2: 36.5 | E2: 29 | F2: =0.5*(D2+E2) -> 32.75 | G2: 15 | H2: 18 | I2: 18 | J2: =G2/4+H2/4+I2/9 -> 10.25 | K2: 80 | L2: 198 | M2: 190 | N2: =max(L2:M2) -> 198 | O2: 95 | P2: =K2/20+N2/40+O2/20 -> 13.7 | Q2: 7 | R2: 9 | S2: 7 | T2: 12 | U2: 15 | V2: 14 | W2: 20 | X2: 29 | Y2: 29 | Z2: 30 | AA2: 30 | AB2: =SUM(Q2:AA2)/20 -> 10.1 | AC2: 50 | AD2: 330 | AE2: =(AC2+AD2)/40 -> 9.5 | AF2: =F2+J2+P2+AB2+AE2 -> 76.3
A3: KILAPARTHI PARVEEN SATYA TEJA | B3: B24EC013 | C3: kilaparthipst@iitbhilai.ac.in | D3: 44 | E3: 30 | F3: =0.5*(D3+E3) -> 37 | G3: 15 | H3: 17 | I3: 24 | J3: =G3/4+H3/4+I3/9 -> 10.666667 | K3: 90 | L3: 190 | M3: 200 | N3: =max(L3:M3) -> 200 | O3: 95 | P3: =K3/20+N3/40+O3/20 -> 14.25 | Q3: 7 | R3: 6 | S3: 8 | T3: 12 | U3: 15 | V3: 15 | W3: 20 | Z3: 30 | AB3: =SUM(Q3:AA3)/20 -> 5.65 | AC3: 50 | AD3: 330 | AE3: =(AC3+AD3)/40 -> 9.5 | AF3: =F3+J3+P3+AB3+AE3 -> 77.066667
A4: SAINI AMAN | B4: B24MT001 | C4: 101624671656031679776 | D4: 45 | E4: 25 | F4: =0.5*(D4+E4) -> 35 | G4: 8 | H4: 18 | I4: 26 | J4: =G4/4+H4/4+I4/9 -> 9.3888889 | K4: 95 | L4: 190 | M4: 190 | N4: =max(L4:M4) -> 190 | O4: 95 | P4: =K4/20+N4/40+O4/20 -> 14.25 | Q4: 6 | T4: 12 | U4: 15 | V4: 15 | W4: 20 | X4: 25 | Y4: 30 | Z4: 30 | AB4: =SUM(Q4:AA4)/20 -> 7.65 | AC4: 50 | AD4: 330 | AE4: =(AC4+AD4)/40 -> 9.5 | AF4: =F4+J4+P4+AB4+AE4 -> 75.788889
A5: Abhinav | B5: B25CS002 | C5: abhinav@iitbhilai.ac.in | D5: =VLOOKUP(B5, 'CSE-Sandeep'!$B$2:$G$61,5) -> 45 | E5: 32 | F5: =0.5*(D5+E5) -> 38.5 | G5: 13 | H5: 13 | I5: 43 | J5: =G5/4+H5/4+I5/9 -> 11.277778 | K5: 100 | L5: 200 | N5: =max(L5:M5) -> 200 | O5: 98 | P5: =K5/20+N5/40+O5/20 -> 14.9 | Q5: 7 | R5: 8 | S5: 15 | T5: 15 | U5: 14 | V5: 15 | W5: 20 | X5: 30 | Y5: 30 | Z5: 3 | AB5: =SUM(Q5:AA5)/20 -> 7.85 | AC5: 40 | AD5: 335 | AE5: =(AC5+AD5)/40 -> 9.375 | AF5: =F5+J5+P5+AB5+AE5 -> 81.902778
A6: ADHIA SOHAM | B6: B25CS003 | C6: adhiasoham@iitbhilai.ac.in | D6: =VLOOKUP(B6, 'CSE-Sandeep'!$B$2:$G$61,5) -> 36 | E6: 31 | F6: =0.5*(D6+E6) -> 33.5 | G6: 17 | H6: 17 | I6: 32.5 | J6: =G6/4+H6/4+I6/9 -> 12.111111 | K6: 100 | L6: 200 | N6: =max(L6:M6) -> 200 | O6: 100 | P6: =K6/20+N6/40+O6/20 -> 15 | Q6: 6 | R6: 8 | S6: 14 | T6: 10 | U6: 15 | V6: 13 | W6: 19 | X6: 30 | Y6: 0 | Z6: 29 | AA6: 30 | AB6: =SUM(Q6:AA6)/20 -> 8.7 | AC6: 50 | AD6: 340 | AE6: =(AC6+AD6)/40 -> 9.75 | AF6: =F6+J6+P6+AB6+AE6 -> 79.061111
A7: ADITYA JAISWAL | B7: B25CS004 | C7: adityajaiswal@iitbhilai.ac.in | D7: =VLOOKUP(B7, 'CSE-Sandeep'!$B$2:$G$61,5) -> 50 | E7: 35 | F7: =0.5*(D7+E7) -> 42.5 | G7: 16 | H7: 16 | I7: 45 | J7: =G7/4+H7/4+I7/9 -> 13 | K7: 90 | L7: 200 | N7: =max(L7:M7) -> 200 | O7: 100 | P7: =K7/20+N7/40+O7/20 -> 14.5 | Q7: 7 | R7: 6 | S7: 14 | T7: 0 | U7: 15 | V7: 15 | W7: 20 | X7: 30 | Y7: 30 | Z7: 30 | AA7: 30 | AB7: =SUM(Q7:AA7)/20 -> 9.85 | AC7: 30 | AD7: 335 | AE7: =(AC7+AD7)/40 -> 9.125 | AF7: =F7+J7+P7+AB7+AE7 -> 88.975
A8: AKSHAT KANSAL | B8: B25CS005 | C8: akshatkansal@iitbhilai.ac.in | D8: =VLOOKUP(B8, 'CSE-Sandeep'!$B$2:$G$61,5) -> 37 | E8: 33 | F8: =0.5*(D8+E8) -> 35 | G8: 11 | H8: 11 | I8: 32 | J8: =G8/4+H8/4+I8/9 -> 9.0555556 | K8: 100 | L8: 200 | N8: =max(L8:M8) -> 200 | O8: 85 | P8: =K8/20+N8/40+O8/20 -> 14.25 | Q8: 6 | R8: 8 | S8: 15 | T8: 10 | U8: 11 | V8: 14 | W8: 20 | X8: 30 | Y8: 30 | Z8: 30 | AB8: =SUM(Q8:AA8)/20 -> 8.7 | AC8: 50 | AD8: 340 | AE8: =(AC8+AD8)/40 -> 9.75 | AF8: =F8+J8+P8+AB8+AE8 -> 76.755556
A9: ANKIT GYEN | B9: B25CS006 | C9: ankitgyen@iitbhilai.ac.in | D9: =VLOOKUP(B9, 'CSE-Sandeep'!$B$2:$G$61,5) -> 46 | E9: 37 | F9: =0.5*(D9+E9) -> 41.5 | G9: 17 | H9: 17 | I9: 37 | J9: =G9/4+H9/4+I9/9 -> 12.611111 | K9: 95 | L9: 200 | N9: =max(L9:M9) -> 200 | P9: =K9/20+N9/40+O9/20 -> 9.75 | Q9: 6 | R9: 7 | S9: 15 | T9: 8 | U9: 15 | V9: 14 | W9: 20 | X9: 30 | Y9: 0 | Z9: 30 | AB9: =SUM(Q9:AA9)/20 -> 7.25 | AC9: 30 | AD9: 340 | AE9: =(AC9+AD9)/40 -> 9.25 | AF9: =F9+J9+P9+AB9+AE9 -> 80.361111
A10: Anugu Raghupathi | B10: B25CS007 | C10: anuguraghu@iitbhilai.ac.in | D10: =VLOOKUP(B10, 'CSE-Sandeep'!$B$2:$G$61,5) -> 24 | E10: 18 | F10: =0.5*(D10+E10) -> 21 | G10: 15 | H10: 15 | I10: 35 | J10: =G10/4+H10/4+I10/9 -> 11.388889 | K10: 85 | L10: 180 | N10: =max(L10:M10) -> 180 | P10: =K10/20+N10/40+O10/20 -> 8.75 | Q10: 5 | R10: 5 | S10: 14 | T10: 10 | U10: 15 | V10: 12 | W10: 20 | X10: 30 | Y10: 24 | Z10: 29 | AA10: 29 | AB10: =SUM(Q10:AA10)/20 -> 9.65 | AC10: 40 | AD10: 340 | AE10: =(AC10+AD10)/40 -> 9.5 | AF10: =F10+J10+P10+AB10+AE10 -> 60.288889
A11: ARYAMAAN SINGH | B11: B25CS008 | C11: aryamaansingh@iitbhilai.ac.in | D11: =VLOOKUP(B11, 'CSE-Sandeep'!$B$2:$G$61,5) -> 47 | E11: 33 | F11: =0.5*(D11+E11) -> 40 | G11: 11 | H11: 11 | I11: 35.5 | J11: =G11/4+H11/4+I11/9 -> 9.4444444 | K11: 95 | L11: 190 | N11: =max(L11:M11) -> 190 | O11: 92 | P11: =K11/20+N11/40+O11/20 -> 14.1 | Q11: 6 | R11: 8 | S11: 14 | T11: 10 | U11: 15 | V11: 14 | W11: 20 | X11: 30 | Y11: 30 | Z11: 30 | AB11: =SUM(Q11:AA11)/20 -> 8.85 | AC11: 50 | AD11: 330 | AE11: =(AC11+AD11)/40 -> 9.5 | AF11: =F11+J11+P11+AB11+AE11 -> 81.894444
A12: ARYAN DESHMUKH | B12: B25CS009 | C12: aryanmanish@iitbhilai.ac.in | D12: =VLOOKUP(B12, 'CSE-Sandeep'!$B$2:$G$61,5) -> 40 | E12: 35 | F12: =0.5*(D12+E12) -> 37.5 | G12: 16 | H12: 16 | I12: 45 | J12: =G12/4+H12/4+I12/9 -> 13 | K12: 95 | L12: 170 | M12: 195 | N12: =max(L12:M12) -> 195 | O12: 95 | P12: =K12/20+N12/40+O12/20 -> 14.375 | Q12: 7 | R12: 5 | S12: 14 | T12: 8 | U12: 15 | V12: 14 | W12: 20 | X12: 30 | Y12: 30 | Z12: 30 | AA12: 30 | AB12: =SUM(Q12:AA12)/20 -> 10.15 | AC12: 50 | AD12: 340 | AE12: =(AC12+AD12)/40 -> 9.75 | AF12: =F12+J12+P12+AB12+AE12 -> 84.775
A13: ARYAVEER SINGH RAWAT | B13: B25CS010 | C13: aryaveersingh@iitbhilai.ac.in | D13: =VLOOKUP(B13, 'CSE-Sandeep'!$B$2:$G$61,5) -> 51 | E13: 40 | F13: =0.5*(D13+E13) -> 45.5 | G13: 19 | H13: 19 | I13: 40 | J13: =G13/4+H13/4+I13/9 -> 13.944444 | K13: 100 | L13: 190 | N13: =max(L13:M13) -> 190 | O13: 85 | P13: =K13/20+N13/40+O13/20 -> 14 | Q13: 7 | R13: 9 | S13: 15 | T13: 11 | U13: 15 | V13: 15 | W13: 20 | X13: 30 | Y13: 30 | Z13: 30 | AA13: 30 | AB13: =SUM(Q13:AA13)/20 -> 10.6 | AC13: 50 | AD13: 335 | AE13: =(AC13+AD13)/40 -> 9.625 | AF13: =F13+J13+P13+AB13+AE13 -> 93.669444
A14: BHARGAV SHARMA | B14: B25CS011 | C14: bhargavsharma@iitbhilai.ac.in | D14: =VLOOKUP(B14, 'CSE-Sandeep'!$B$2:$G$61,5) -> 46 | E14: 37 | F14: =0.5*(D14+E14) -> 41.5 | G14: 19 | H14: 19 | I14: 45 | J14: =G14/4+H14/4+I14/9 -> 14.5 | K14: 100 | L14: 200 | N14: =max(L14:M14) -> 200 | O14: 95 | P14: =K14/20+N14/40+O14/20 -> 14.75 | Q14: 7 | R14: 9 | S14: 15 | T14: 11 | U14: 15 | V14: 14 | W14: 20 | X14: 30 | Y14: 30 | Z14: 30 | AA14: 30 | AB14: =SUM(Q14:AA14)/20 -> 10.55 | AC14: 30 | AD14: 340 | AE14: =(AC14+AD14)/40 -> 9.25 | AF14: =F14+J14+P14+AB14+AE14 -> 90.55
A15: KHANDELWAL BHAVYA SANTKUMAR | B15: B25CS012 | C15: bhavyasantku@iitbhilai.ac.in | D15: =VLOOKUP(B15, 'CSE-Sandeep'!$B$2:$G$61,5) -> 50 | E15: 35 | F15: =0.5*(D15+E15) -> 42.5 | G15: 17 | H15: 17 | I15: 34 | J15: =G15/4+H15/4+I15/9 -> 12.277778 | K15: 76 | L15: 190 | N15: =max(L15:M15) -> 190 | O15: 89 | P15: =K15/20+N15/40+O15/20 -> 13 | Q15: 7 | R15: 7 | S15: 14 | T15: 0 | U15: 14 | V15: 14 | W15: 0 | X15: 30 | Y15: 26 | Z15: 29 | AA15: 28 | AB15: =SUM(Q15:AA15)/20 -> 8.45 | AC15: 30 | AD15: 340 | AE15: =(AC15+AD15)/40 -> 9.25 | AF15: =F15+J15+P15+AB15+AE15 -> 85.477778
A16: NITEESH BODA | B16: B25CS013 | C16: bodaniteesh@iitbhilai.ac.in | D16: =VLOOKUP(B16, 'CSE-Sandeep'!$B$2:$G$61,5) -> 38 | E16: 19 | F16: =0.5*(D16+E16) -> 28.5 | G16: 6 | H16: 6 | I16: 35 | J16: =G16/4+H16/4+I16/9 -> 6.8888889 | K16: 90 | L16: 180 | N16: =max(L16:M16) -> 180 | O16: 89 | P16: =K16/20+N16/40+O16/20 -> 13.45 | Q16: 7 | R16: 2 | S16: 15 | T16: 10 | U16: 14 | V16: 14 | W16: 20 | X16: 30 | Y16: 30 | Z16: 28 | AA16: 28 | AB16: =SUM(Q16:AA16)/20 -> 9.9 | AC16: 30 | AD16: 335 | AE16: =(AC16+AD16)/40 -> 9.125 | AF16: =F16+J16+P16+AB16+AE16 -> 67.863889
A17: DIPA SAHA | B17: B25CS014 | C17: dipasaha@iitbhilai.ac.in | D17: =VLOOKUP(B17, 'CSE-Sandeep'!$B$2:$G$61,5) -> 23 | E17: 2 | F17: =0.5*(D17+E17) -> 12.5 | G17: 7 | H17: 7 | I17: 19 | J17: =G17/4+H17/4+I17/9 -> 5.6111111 | K17: 90 | L17: 180 | N17: =max(L17:M17) -> 180 | O17: 95 | P17: =K17/20+N17/40+O17/20 -> 13.75 | Q17: 6 | R17: 7 | S17: 14 | T17: 0 | U17: 14 | V17: 14 | W17: 20 | X17: 30 | Y17: 30 | Z17: 28 | AA17: 28 | AB17: =SUM(Q17:AA17)/20 -> 9.55 | AC17: 50 | AD17: 340 | AE17: =(AC17+AD17)/40 -> 9.75 | AF17: =F17+J17+P17+AB17+AE17 -> 51.161111
A18: DISHANK VERMA | B18: B25CS015 | C18: dishankverma@iitbhilai.ac.in | D18: =VLOOKUP(B18, 'CSE-Sandeep'!$B$2:$G$61,5) -> 21 | E18: 11 | F18: =0.5*(D18+E18) -> 16 | G18: 6 | H18: 6 | I18: 18 | J18: =G18/4+H18/4+I18/9 -> 5 | K18: 87 | L18: 180 | N18: =max(L18:M18) -> 180 | O18: 85 | P18: =K18/20+N18/40+O18/20 -> 13.1 | Q18: 5 | R18: 4 | S18: 15 | T18: 5 | U18: 5 | V18: 14 | W18: 0 | X18: 30 | Z18: 28 | AB18: =SUM(Q18:AA18)/20 -> 5.3 | AC18: 50 | AD18: 330 | AE18: =(AC18+AD18)/40 -> 9.5 | AF18: =F18+J18+P18+AB18+AE18 -> 48.9
A19: DIVYANSH KORI | B19: B25CS016 | C19: divyanshkori@iitbhilai.ac.in | D19: =VLOOKUP(B19, 'CSE-Sandeep'!$B$2:$G$61,5) -> 54 | E19: 36 | F19: =0.5*(D19+E19) -> 45 | G19: 20 | H19: 20 | I19: 36 | J19: =G19/4+H19/4+I19/9 -> 14 | K19: 100 | L19: 180 | N19: =max(L19:M19) -> 180 | O19: 100 | P19: =K19/20+N19/40+O19/20 -> 14.5 | Q19: 7 | R19: 9 | S19: 14 | T19: 8 | U19: 15 | V19: 14 | W19: 20 | X19: 30 | Y19: 21 | Z19: 30 | AA19: 30 | AB19: =SUM(Q19:AA19)/20 -> 9.9 | AC19: 50 | AD19: 340 | AE19: =(AC19+AD19)/40 -> 9.75 | AF19: =F19+J19+P19+AB19+AE19 -> 93.15
A20: HUSEN FARUKH | B20: B25CS017 | C20: farukhhusen@iitbhilai.ac.in | D20: =VLOOKUP(B20, 'CSE-Sandeep'!$B$2:$G$61,5) -> 41 | E20: 28 | F20: =0.5*(D20+E20) -> 34.5 | G20: 8 | H20: 8 | I20: 29 | J20: =G20/4+H20/4+I20/9 -> 7.2222222 | K20: 80 | L20: 180 | N20: =max(L20:M20) -> 180 | O20: 91 | P20: =K20/20+N20/40+O20/20 -> 13.05 | Q20: 6 | R20: 5 | S20: 14 | T20: 8 | U20: 13 | V20: 14 | W20: 19 | X20: 30 | Z20: 28 | AA20: 28 | AB20: =SUM(Q20:AA20)/20 -> 8.25 | AC20: 30 | AD20: 330 | AE20: =(AC20+AD20)/40 -> 9 | AF20: =F20+J20+P20+AB20+AE20 -> 72.022222
A21: GANDI NAVYA | B21: B25CS018 | C21: gandinavya@iitbhilai.ac.in | D21: =VLOOKUP(B21, 'CSE-Sandeep'!$B$2:$G$61,5) -> 43 | E21: 20 | F21: =0.5*(D21+E21) -> 31.5 | G21: 10 | H21: 10 | I21: 20.5 | J21: =G21/4+H21/4+I21/9 -> 7.2777778 | K21: 80 | L21: 180 | N21: =max(L21:M21) -> 180 | O21: 98 | P21: =K21/20+N21/40+O21/20 -> 13.4 | Q21: 7 | R21: 6 | S21: 14 | T21: 8 | U21: 15 | V21: 9 | W21: 20 | X21: 30 | Y21: 18 | Z21: 28 | AB21: =SUM(Q21:AA21)/20 -> 7.75 | AC21: 40 | AD21: 340 | AE21: =(AC21+AD21)/40 -> 9.5 | AF21: =F21+J21+P21+AB21+AE21 -> 69.427778
A22: GEGGELAPALLY VAISHNAVI | B22: B25CS019 | C22: geggelapallyv@iitbhilai.ac.in | D22: =VLOOKUP(B22, 'CSE-Sandeep'!$B$2:$G$61,5) -> 43 | E22: 37 | F22: =0.5*(D22+E22) -> 40 | G22: 12 | H22: 12 | I22: 25 | J22: =G22/4+H22/4+I22/9 -> 8.7777778 | K22: 90 | L22: 190 | N22: =max(L22:M22) -> 190 | O22: 90 | P22: =K22/20+N22/40+O22/20 -> 13.75 | Q22: 7 | R22: 8 | S22: 14 | T22: 12 | U22: 15 | V22: 14 | W22: 20 | X22: 30 | Y22: 20 | Z22: 30 | AA22: 30 | AB22: =SUM(Q22:AA22)/20 -> 10 | AD22: 340 | AE22: =(AC22+AD22)/40 -> 8.5 | AF22: =F22+J22+P22+AB22+AE22 -> 81.027778
A23: HARSH | B23: B25CS020 | C23: harshr@iitbhilai.ac.in | D23: =VLOOKUP(B23, 'CSE-Sandeep'!$B$2:$G$61,5) -> 37 | E23: 28 | F23: =0.5*(D23+E23) -> 32.5 | G23: 14 | H23: 14 | I23: 40 | J23: =G23/4+H23/4+I23/9 -> 11.444444 | K23: 95 | L23: 190 | N23: =max(L23:M23) -> 190 | O23: 100 | P23: =K23/20+N23/40+O23/20 -> 14.5 | Q23: 6 | R23: 7 | S23: 15 | T23: 10 | U23: 15 | V23: 14 | W23: 17 | X23: 30 | Y23: 20 | Z23: 30 | AA23: 30 | AB23: =SUM(Q23:AA23)/20 -> 9.7 | AC23: 50 | AD23: 330 | AE23: =(AC23+AD23)/40 -> 9.5 | AF23: =F23+J23+P23+AB23+AE23 -> 77.644444
A24: HARSH VERMA | B24: B25CS021 | C24: harshverma@iitbhilai.ac.in | D24: =VLOOKUP(B24, 'CSE-Sandeep'!$B$2:$G$61,5) -> 45 | E24: 36 | F24: =0.5*(D24+E24) -> 40.5 | G24: 13 | H24: 13 | I24: 30.5 | J24: =G24/4+H24/4+I24/9 -> 9.8888889 | K24: 95 | L24: 190 | N24: =max(L24:M24) -> 190 | O24: 100 | P24: =K24/20+N24/40+O24/20 -> 14.5 | Q24: 7 | R24: 8 | S24: 15 | T24: 12 | U24: 15 | V24: 14 | W24: 18 | X24: 30 | Y24: 23 | Z24: 30 | AA24: 30 | AB24: =SUM(Q24:AA24)/20 -> 10.1 | AC24: 30 | AD24: 335 | AE24: =(AC24+AD24)/40 -> 9.125 | AF24: =F24+J24+P24+AB24+AE24 -> 84.113889
A25: HARSH VINCE | B25: B25CS022 | C25: harshvince@iitbhilai.ac.in | D25: =VLOOKUP(B25, 'CSE-Sandeep'!$B$2:$G$61,5) -> 41 | E25: 30 | F25: =0.5*(D25+E25) -> 35.5 | G25: 7 | H25: 16.5 | I25: 40 | J25: =G25/4+H25/4+I25/9 -> 10.319444 | K25: 100 | L25: 200 | N25: =max(L25:M25) -> 200 | O25: 100 | P25: =K25/20+N25/40+O25/20 -> 15 | Q25: 7 | R25: 7 | S25: 15 | T25: 11 | U25: 15 | V25: 15 | W25: 18 | X25: 30 | Y25: 30 | Z25: 30 | AA25: 30 | AB25: =SUM(Q25:AA25)/20 -> 10.4 | AC25: 50 | AD25: 340 | AE25: =(AC25+AD25)/40 -> 9.75 | AF25: =F25+J25+P25+AB25+AE25 -> 80.969444
A26: HARSHIT VERMA | B26: B25CS023 | C26: harshitverma@iitbhilai.ac.in | D26: =VLOOKUP(B26, 'CSE-Sandeep'!$B$2:$G$61,5) -> 50 | E26: 30 | F26: =0.5*(D26+E26) -> 40 | G26: 12 | H26: 14.5 | I26: 28 | J26: =G26/4+H26/4+I26/9 -> 9.7361111 | K26: 100 | L26: 170 | M26: 195 | N26: =max(L26:M26) -> 195 | P26: =K26/20+N26/40+O26/20 -> 9.875 | Q26: 7 | R26: 5 | S26: 7.5 | T26: 4 | U26: 10 | V26: 15 | W26: 16 | X26: 30 | Y26: 30 | Z26: 29 | AA26: 28 | AB26: =SUM(Q26:AA26)/20 -> 9.075 | AC26: 50 | AD26: 300 | AE26: =(AC26+AD26)/40 -> 8.75 | AF26: =F26+J26+P26+AB26+AE26 -> 77.436111
A27: HARSHITA ARIMAKALA | B27: B25CS024 | C27: harshitaarima@iitbhilai.ac.in | D27: =VLOOKUP(B27, 'CSE-Sandeep'!$B$2:$G$61,5) -> 47 | E27: 31 | F27: =0.5*(D27+E27) -> 39 | G27: 16.5 | H27: 16 | I27: 33 | J27: =G27/4+H27/4+I27/9 -> 11.791667 | K27: 100 | L27: 153 | N27: =max(L27:M27) -> 153 | O27: 98 | P27: =K27/20+N27/40+O27/20 -> 13.725 | R27: 5 | S27: 15 | T27: 11 | U27: 11 | V27: 15 | W27: 20 | X27: 30 | Y27: 30 | Z27: 30 | AA27: 30 | AB27: =SUM(Q27:AA27)/20 -> 9.85 | AC27: 50 | AD27: 350 | AE27: =(AC27+AD27)/40 -> 10 | AF27: =F27+J27+P27+AB27+AE27 -> 84.366667
A28: ISHAN UMESH GHATGE | B28: B25CS025 | C28: ishanumesh@iitbhilai.ac.in | D28: =VLOOKUP(B28, 'CSE-Sandeep'!$B$2:$G$61,5) -> 36 | E28: 29 | F28: =0.5*(D28+E28) -> 32.5 | G28: 16 | H28: 13.5 | I28: 35 | J28: =G28/4+H28/4+I28/9 -> 11.263889 | K28: 100 | L28: 200 | N28: =max(L28:M28) -> 200 | O28: 96 | P28: =K28/20+N28/40+O28/20 -> 14.8 | Q28: 7 | R28: 7 | S28: 10 | T28: 12 | U28: 14 | V28: 15 | W28: 20 | X28: 30 | Y28: 30 | Z28: 29 | AA28: 30 | AB28: =SUM(Q28:AA28)/20 -> 10.2 | AC28: 30 | AD28: 330 | AE28: =(AC28+AD28)/40 -> 9 | AF28: =F28+J28+P28+AB28+AE28 -> 77.763889
A29: JAMBUKIYA PARTH BHARATBHAI | B29: B25CS026 | C29: jambukiyaparth@iitbhilai.ac.in | D29: =VLOOKUP(B29, 'CSE-Sandeep'!$B$2:$G$61,5) -> 47 | E29: 27 | F29: =0.5*(D29+E29) -> 37 | G29: 15 | H29: 15 | I29: 35 | J29: =G29/4+H29/4+I29/9 -> 11.388889 | K29: 100 | L29: 195 | N29: =max(L29:M29) -> 195 | O29: 98 | P29: =K29/20+N29/40+O29/20 -> 14.775 | Q29: 6 | R29: 6 | S29: 11.5 | T29: 8 | U29: 15 | V29: 14 | W29: 20 | X29: 29 | Y29: 30 | Z29: 30 | AA29: 30 | AB29: =SUM(Q29:AA29)/20 -> 9.975 | AC29: 50 | AD29: 330 | AE29: =(AC29+AD29)/40 -> 9.5 | AF29: =F29+J29+P29+AB29+AE29 -> 82.638889
A30: KAKARLA VIJAYA RAMI REDDY | B30: B25CS027 | C30: kakarlavijaya@iitbhilai.ac.in | D30: =VLOOKUP(B30, 'CSE-Sandeep'!$B$2:$G$61,5) -> 18 | E30: 4 | F30: =0.5*(D30+E30) -> 11 | G30: 3.5 | H30: 8.5 | I30: 30 | J30: =G30/4+H30/4+I30/9 -> 6.3333333 | K30: 85 | L30: 145 | N30: =max(L30:M30) -> 145 | O30: 100 | P30: =K30/20+N30/40+O30/20 -> 12.875 | Q30: 6 | R30: 6 | S30: 7 | T30: 11 | U30: 2 | V30: 8 | W30: 20 | X30: 30 | Y30: 30 | Z30: 28 | AA30: 28 | AB30: =SUM(Q30:AA30)/20 -> 8.8 | AC30: 40 | AD30: 350 | AE30: =(AC30+AD30)/40 -> 9.75 | AF30: =F30+J30+P30+AB30+AE30 -> 48.758333
A31: krity Loka | B31: B25CS028 | C31: kasukurthiloka@iitbhilai.ac.in | D31: =VLOOKUP(B31, 'CSE-Sandeep'!$B$2:$G$61,5) -> 53 | E31: 31 | F31: =0.5*(D31+E31) -> 42 | G31: 16 | H31: 17 | I31: 40 | J31: =G31/4+H31/4+I31/9 -> 12.694444 | K31: 100 | L31: 80 | N31: =max(L31:M31) -> 80 | O31: 90 | P31: =K31/20+N31/40+O31/20 -> 11.5 | Q31: 7 | R31: 4 | S31: 13 | T31: 7 | U31: 14 | V31: 15 | W31: 20 | X31: 29 | Y31: 0 | Z31: 28 | AA31: 28 | AB31: =SUM(Q31:AA31)/20 -> 8.25 | AC31: 50 | AD31: 350 | AE31: =(AC31+AD31)/40 -> 10 | AF31: =F31+J31+P31+AB31+AE31 -> 84.444444
A32: KOLLI VENKATA KUTUMBA NIHAR | B32: B25CS029 | C32: kollivenkata@iitbhilai.ac.in | D32: =VLOOKUP(B32, 'CSE-Sandeep'!$B$2:$G$61,5) -> 47 | E32: 33 | F32: =0.5*(D32+E32) -> 40 | G32: 10.5 | H32: 15 | I32: 40 | J32: =G32/4+H32/4+I32/9 -> 10.819444 | K32: 100 | L32: 200 | N32: =max(L32:M32) -> 200 | O32: 98 | P32: =K32/20+N32/40+O32/20 -> 14.9 | Q32: 7 | R32: 6 | S32: 8 | T32: 3 | U32: 14 | V32: 13 | W32: 18 | X32: 29 | Y32: 30 | Z32: 29 | AA32: 30 | AB32: =SUM(Q32:AA32)/20 -> 9.35 | AC32: 40 | AD32: 350 | AE32: =(AC32+AD32)/40 -> 9.75 | AF32: =F32+J32+P32+AB32+AE32 -> 84.819444
A33: BASUMATARY MADHURJYA PRASAD | B33: B25CS030 | C33: madhurjyapr@iitbhilai.ac.in | D33: =VLOOKUP(B33, 'CSE-Sandeep'!$B$2:$G$61,5) -> 44 | E33: 29 | F33: =0.5*(D33+E33) -> 36.5 | G33: 15 | H33: 11 | I33: 34 | J33: =G33/4+H33/4+I33/9 -> 10.277778 | K33: 100 | L33: 184 | N33: =max(L33:M33) -> 184 | O33: 100 | P33: =K33/20+N33/40+O33/20 -> 14.6 | Q33: 6 | R33: 8 | S33: 14 | T33: 12 | U33: 15 | V33: 15 | W33: 20 | X33: 30 | Y33: 30 | Z33: 30 | AA33: 29 | AB33: =SUM(Q33:AA33)/20 -> 10.45 | AC33: 50 | AD33: 350 | AE33: =(AC33+AD33)/40 -> 10 | AF33: =F33+J33+P33+AB33+AE33 -> 81.827778
A34: MADUR GANGA MANOJ KUMAR | B34: B25CS031 | C34: madurganga@iitbhilai.ac.in | D34: =VLOOKUP(B34, 'CSE-Sandeep'!$B$2:$G$61,5) -> 35 | E34: 33 | F34: =0.5*(D34+E34) -> 34 | G34: 10 | H34: 11 | I34: 25 | J34: =G34/4+H34/4+I34/9 -> 8.0277778 | K34: 100 | L34: 170 | N34: =max(L34:M34) -> 170 | O34: 97 | P34: =K34/20+N34/40+O34/20 -> 14.1 | Q34: 5 | R34: 5 | S34: 12 | T34: 8 | U34: 9 | V34: 8 | W34: 12 | X34: 28 | Y34: 30 | Z34: 29 | AB34: =SUM(Q34:AA34)/20 -> 7.3 | AC34: 40 | AD34: 330 | AE34: =(AC34+AD34)/40 -> 9.25 | AF34: =F34+J34+P34+AB34+AE34 -> 72.677778
A35: MITTIREDDI PAVAN KUMAR | B35: B25CS032 | C35: mittireddipavan@iitbhilai.ac.in | D35: =VLOOKUP(B35, 'CSE-Sandeep'!$B$2:$G$61,5) -> 35 | E35: 21 | F35: =0.5*(D35+E35) -> 28 | G35: 11.5 | H35: 4.5 | I35: 17.5 | J35: =G35/4+H35/4+I35/9 -> 5.9444444 | K35: 90 | L35: 96 | N35: =max(L35:M35) -> 96 | O35: 95 | P35: =K35/20+N35/40+O35/20 -> 11.65 | Q35: 4 | R35: 2 | S35: 14 | T35: 8 | U35: 11 | V35: 8 | W35: 8 | X35: 28 | Y35: 26 | Z35: 30 | AA35: 28 | AB35: =SUM(Q35:AA35)/20 -> 8.35 | AC35: 50 | AD35: 330 | AE35: =(AC35+AD35)/40 -> 9.5 | AF35: =F35+J35+P35+AB35+AE35 -> 63.444444
A36: ABHAY NAMAN AYUSH | B36: B25CS033 | C36: namanayush@iitbhilai.ac.in | D36: =VLOOKUP(B36, 'CSE-Sandeep'!$B$2:$G$61,5) -> 52 | E36: 38 | F36: =0.5*(D36+E36) -> 45 | G36: 10 | H36: 19 | I36: 30 | J36: =G36/4+H36/4+I36/9 -> 10.583333 | K36: 100 | L36: 200 | N36: =max(L36:M36) -> 200 | O36: 100 | P36: =K36/20+N36/40+O36/20 -> 15 | Q36: 7 | R36: 7 | S36: 15 | T36: 11 | U36: 14 | V36: 15 | W36: 20 | X36: 29 | Y36: 25 | Z36: 30 | AA36: 30 | AB36: =SUM(Q36:AA36)/20 -> 10.15 | AC36: 45 | AD36: 350 | AE36: =(AC36+AD36)/40 -> 9.875 | AF36: =F36+J36+P36+AB36+AE36 -> 90.608333
A37: NAMAN GUPTA | B37: B25CS034 | C37: namangupta@iitbhilai.ac.in | D37: =VLOOKUP(B37, 'CSE-Sandeep'!$B$2:$G$61,5) -> 44 | E37: 32 | F37: =0.5*(D37+E37) -> 38 | G37: 12 | H37: 12 | I37: 21 | J37: =G37/4+H37/4+I37/9 -> 8.3333333 | K37: 100 | L37: 180 | N37: =max(L37:M37) -> 180 | O37: 94 | P37: =K37/20+N37/40+O37/20 -> 14.2 | Q37: 0 | R37: 6 | S37: 10.5 | T37: 9 | U37: 15 | V37: 15 | W37: 19 | X37: 26 | Y37: 27 | Z37: 29 | AA37: 27 | AB37: =SUM(Q37:AA37)/20 -> 9.175 | AC37: 50 | AD37: 340 | AE37: =(AC37+AD37)/40 -> 9.75 | AF37: =F37+J37+P37+AB37+AE37 -> 79.458333
A38: GHOSH NAVANIL | B38: B25CS035 | C38: navanilghosh@iitbhilai.ac.in | D38: =VLOOKUP(B38, 'CSE-Sandeep'!$B$2:$G$61,5) -> 44 | E38: 36 | F38: =0.5*(D38+E38) -> 40 | G38: 15 | H38: 11 | I38: 36 | J38: =G38/4+H38/4+I38/9 -> 10.5 | K38: 100 | L38: 187 | N38: =max(L38:M38) -> 187 | O38: 89 | P38: =K38/20+N38/40+O38/20 -> 14.125 | Q38: 7 | R38: 10 | S38: 14 | T38: 8 | U38: 12 | V38: 15 | W38: 17 | X38: 28 | Y38: 26 | Z38: 29 | AA38: 30 | AB38: =SUM(Q38:AA38)/20 -> 9.8 | AC38: 50 | AD38: 350 | AE38: =(AC38+AD38)/40 -> 10 | AF38: =F38+J38+P38+AB38+AE38 -> 84.425
A39: NISHCHAL JAIN | B39: B25CS036 | C39: nishchaljain@iitbhilai.ac.in | D39: =VLOOKUP(B39, 'CSE-Sandeep'!$B$2:$G$61,5) -> 50 | E39: 29 | F39: =0.5*(D39+E39) -> 39.5 | G39: 15 | H39: 10 | I39: 36 | J39: =G39/4+H39/4+I39/9 -> 10.25 | K39: 85 | L39: 195 | N39: =max(L39:M39) -> 195 | O39: 100 | P39: =K39/20+N39/40+O39/20 -> 14.125 | Q39: 7 | R39: 9 | S39: 12 | T39: 11 | U39: 15 | V39: 15 | W39: 20 | X39: 30 | Y39: 28 | Z39: 30 | AA39: 30 | AB39: =SUM(Q39:AA39)/20 -> 10.35 | AC39: 30 | AD39: 330 | AE39: =(AC39+AD39)/40 -> 9 | AF39: =F39+J39+P39+AB39+AE39 -> 83.225
A40: TEJA PALAVALASA PAWAN | B40: B25CS037 | C40: palavalasapaw@iitbhilai.ac.in | D40: =VLOOKUP(B40, 'CSE-Sandeep'!$B$2:$G$61,5) -> 53 | E40: 32 | F40: =0.5*(D40+E40) -> 42.5 | G40: 14 | H40: 20 | I40: 43 | J40: =G40/4+H40/4+I40/9 -> 13.277778 | K40: 100 | L40: 195 | N40: =max(L40:M40) -> 195 | O40: 90 | P40: =K40/20+N40/40+O40/20 -> 14.375 | Q40: 7 | R40: 7 | S40: 13 | T40: 10 | U40: 14 | V40: 11 | W40: 20 | X40: 25 | Y40: 27 | Z40: 29 | AA40: 28 | AB40: =SUM(Q40:AA40)/20 -> 9.55 | AC40: 0 | AD40: 330 | AE40: =(AC40+AD40)/40 -> 8.25 | AF40: =F40+J40+P40+AB40+AE40 -> 87.952778
A41: Paltyavath Saikiran | B41: B25CS038 | C41: paltyavathsai@iitbhilai.ac.in | D41: =VLOOKUP(B41, 'CSE-Sandeep'!$B$2:$G$61,5) -> 27 | E41: 14 | F41: =0.5*(D41+E41) -> 20.5 | G41: 5 | H41: 7 | I41: 16 | J41: =G41/4+H41/4+I41/9 -> 4.7777778 | K41: 100 | L41: 80 | N41: =max(L41:M41) -> 80 | O41: 96 | P41: =K41/20+N41/40+O41/20 -> 11.8 | Q41: 5 | R41: 3 | S41: 9.5 | T41: 0 | U41: 8 | V41: 9 | W41: 15 | X41: 24 | Y41: 28 | Z41: 29 | AA41: 29 | AB41: =SUM(Q41:AA41)/20 -> 7.975 | AC41: 50 | AD41: 350 | AE41: =(AC41+AD41)/40 -> 10 | AF41: =F41+J41+P41+AB41+AE41 -> 55.052778
A42: PIYUSH DAS | B42: B25CS039 | C42: piyushdas@iitbhilai.ac.in | D42: =VLOOKUP(B42, 'CSE-Sandeep'!$B$2:$G$61,5) -> 57 | E42: 38 | F42: =0.5*(D42+E42) -> 47.5 | G42: 17 | H42: 19 | I42: 40 | J42: =G42/4+H42/4+I42/9 -> 13.444444 | K42: 100 | L42: 200 | N42: =max(L42:M42) -> 200 | O42: 100 | P42: =K42/20+N42/40+O42/20 -> 15 | Q42: 6 | R42: 9 | S42: 14 | T42: 11 | U42: 15 | V42: 15 | W42: 20 | X42: 30 | Y42: 28 | Z42: 30 | AA42: 30 | AB42: =SUM(Q42:AA42)/20 -> 10.4 | AC42: 50 | AD42: 350 | AE42: =(AC42+AD42)/40 -> 10 | AF42: =F42+J42+P42+AB42+AE42 -> 96.344444
A43: POLINEDI RESHMITHA | B43: B25CS040 | C43: polinedire@iitbhilai.ac.in | D43: =VLOOKUP(B43, 'CSE-Sandeep'!$B$2:$G$61,5) -> 27 | E43: 21 | F43: =0.5*(D43+E43) -> 24 | G43: 5 | H43: 5.5 | I43: 18.5 | J43: =G43/4+H43/4+I43/9 -> 4.6805556 | K43: 100 | L43: 200 | N43: =max(L43:M43) -> 200 | O43: 80 | P43: =K43/20+N43/40+O43/20 -> 14 | Q43: 4 | R43: 2 | S43: 11 | T43: 11 | U43: 0 | V43: 11 | W43: 16 | X43: 24 | Z43: 28 | AB43: =SUM(Q43:AA43)/20 -> 5.35 | AC43: 50 | AD43: 350 | AE43: =(AC43+AD43)/40 -> 10 | AF43: =F43+J43+P43+AB43+AE43 -> 58.030556
A44: PRANAV PRAVIN GORE | B44: B25CS041 | C44: pranavpravin@iitbhilai.ac.in | D44: =VLOOKUP(B44, 'CSE-Sandeep'!$B$2:$G$61,5) -> 52 | E44: 36 | F44: =0.5*(D44+E44) -> 44 | G44: 17 | H44: 18 | I44: 38 | J44: =G44/4+H44/4+I44/9 -> 12.972222 | K44: 100 | L44: 200 | N44: =max(L44:M44) -> 200 | O44: 96 | P44: =K44/20+N44/40+O44/20 -> 14.8 | Q44: 7 | R44: 10 | S44: 9 | T44: 7 | U44: 12 | V44: 15 | W44: 20 | X44: 28 | Y44: 26 | Z44: 30 | AB44: =SUM(Q44:AA44)/20 -> 8.2 | AC44: 50 | AD44: 350 | AE44: =(AC44+AD44)/40 -> 10 | AF44: =F44+J44+P44+AB44+AE44 -> 89.972222
A45: RAPAKA SAKETH | B45: B25CS042 | C45: rapakasaketh@iitbhilai.ac.in | D45: =VLOOKUP(B45, 'CSE-Sandeep'!$B$2:$G$61,5) -> 48 | E45: 27 | F45: =0.5*(D45+E45) -> 37.5 | G45: 6 | H45: 11 | I45: 30.5 | J45: =G45/4+H45/4+I45/9 -> 7.6388889 | K45: 70 | L45: 198 | N45: =max(L45:M45) -> 198 | O45: 90 | P45: =K45/20+N45/40+O45/20 -> 12.95 | Q45: 7 | R45: 10 | T45: 8 | U45: 14 | W45: 20 | X45: 26 | Y45: 28 | Z45: 30 | AA45: 28 | AB45: =SUM(Q45:AA45)/20 -> 8.55 | AC45: 10 | AD45: 280 | AE45: =(AC45+AD45)/40 -> 7.25 | AF45: =F45+J45+P45+AB45+AE45 -> 73.888889
A46: LAVANYA RATHOD | B46: B25CS043 | C46: rathodlavanya@iitbhilai.ac.in | D46: =VLOOKUP(B46, 'CSE-Sandeep'!$B$2:$G$61,5) -> 15 | E46: 6 | F46: =0.5*(D46+E46) -> 10.5 | G46: 5 | H46: 15 | I46: 20 | J46: =G46/4+H46/4+I46/9 -> 7.2222222 | K46: 100 | L46: 180 | N46: =max(L46:M46) -> 180 | O46: 92 | P46: =K46/20+N46/40+O46/20 -> 14.1 | R46: 0 | T46: 11 | U46: 12 | V46: 15 | W46: 18 | X46: 26 | Y46: 25 | Z46: 28 | AA46: 28 | AB46: =SUM(Q46:AA46)/20 -> 8.15 | AC46: 40 | AD46: 310 | AE46: =(AC46+AD46)/40 -> 8.75 | AF46: =F46+J46+P46+AB46+AE46 -> 48.722222
A47: RATISH ANAND | B47: B25CS044 | C47: ratishanand@iitbhilai.ac.in | D47: =VLOOKUP(B47, 'CSE-Sandeep'!$B$2:$G$61,5) -> 50 | E47: 33 | F47: =0.5*(D47+E47) -> 41.5 | G47: 7 | H47: 16.5 | J47: =G47/4+H47/4+I47/9 -> 5.875 | K47: 100 | L47: 180 | M47: 195 | N47: =max(L47:M47) -> 195 | O47: 88 | P47: =K47/20+N47/40+O47/20 -> 14.275 | Q47: 7 | R47: 8 | T47: 9 | U47: 15 | V47: 15 | W47: 18 | X47: 23 | Y47: 28 | Z47: 28 | AA47: 27 | AB47: =SUM(Q47:AA47)/20 -> 8.9 | AC47: 50 | AD47: 310 | AE47: =(AC47+AD47)/40 -> 9 | AF47: =F47+J47+P47+AB47+AE47 -> 79.55
A48: RIMA PRADHAN | B48: B25CS045 | C48: rimapradhan@iitbhilai.ac.in | D48: =VLOOKUP(B48, 'CSE-Sandeep'!$B$2:$G$61,5) -> 43 | E48: 26 | F48: =0.5*(D48+E48) -> 34.5 | G48: 2 | H48: 8.5 | I48: 32 | J48: =G48/4+H48/4+I48/9 -> 6.1805556 | K48: 100 | L48: 174 | N48: =max(L48:M48) -> 174 | O48: 92 | P48: =K48/20+N48/40+O48/20 -> 13.95 | Q48: 7 | R48: 3 | T48: 12 | U48: 15 | V48: 15 | W48: 20 | X48: 28 | Y48: 30 | Z48: 28 | AA48: 28 | AB48: =SUM(Q48:AA48)/20 -> 9.3 | AC48: 0 | AD48: 315 | AE48: =(AC48+AD48)/40 -> 7.875 | AF48: =F48+J48+P48+AB48+AE48 -> 71.805556
A49: ROHIT | B49: B25CS046 | C49: rohits@iitbhilai.ac.in | D49: =VLOOKUP(B49, 'CSE-Sandeep'!$B$2:$G$61,5) -> 46 | E49: 27 | F49: =0.5*(D49+E49) -> 36.5 | G49: 7 | H49: 14 | I49: 31.5 | J49: =G49/4+H49/4+I49/9 -> 8.75 | K49: 100 | L49: 180 | N49: =max(L49:M49) -> 180 | O49: 90 | P49: =K49/20+N49/40+O49/20 -> 14 | Q49: 6 | R49: 7 | T49: 10 | U49: 15 | V49: 14 | W49: 20 | X49: 26 | Y49: 25 | Z49: 29 | AA49: 28 | AB49: =SUM(Q49:AA49)/20 -> 9 | AC49: 40 | AD49: 310 | AE49: =(AC49+AD49)/40 -> 8.75 | AF49: =F49+J49+P49+AB49+AE49 -> 77
A50: SAANVI SANKET KAMBLE | B50: B25CS047 | C50: saanvisanket@iitbhilai.ac.in | D50: =VLOOKUP(B50, 'CSE-Sandeep'!$B$2:$G$61,5) -> 48 | E50: 36 | F50: =0.5*(D50+E50) -> 42 | G50: 12 | H50: 19.5 | I50: 35 | J50: =G50/4+H50/4+I50/9 -> 11.763889 | K50: 100 | L50: 192 | N50: =max(L50:M50) -> 192 | O50: 92 | P50: =K50/20+N50/40+O50/20 -> 14.4 | Q50: 6 | R50: 9 | T50: 13 | U50: 15 | V50: 15 | W50: 20 | X50: 30 | Y50: 30 | Z50: 30 | AA50: 30 | AB50: =SUM(Q50:AA50)/20 -> 9.9 | AC50: 20 | AD50: 320 | AE50: =(AC50+AD50)/40 -> 8.5 | AF50: =F50+J50+P50+AB50+AE50 -> 86.563889
A51: SANKALP SAGAR WANKHEDE | B51: B25CS048 | C51: sankalpsagar@iitbhilai.ac.in | D51: =VLOOKUP(B51, 'CSE-Sandeep'!$B$2:$G$61,5) -> 46 | E51: 29 | F51: =0.5*(D51+E51) -> 37.5 | G51: 16 | H51: 14 | I51: 25 | J51: =G51/4+H51/4+I51/9 -> 10.277778 | K51: 100 | L51: 170 | M51: 200 | N51: =max(L51:M51) -> 200 | O51: 90 | P51: =K51/20+N51/40+O51/20 -> 14.5 | Q51: 6 | R51: 8 | T51: 11 | U51: 14 | W51: 18 | X51: 27 | Y51: 28 | Z51: 30 | AA51: 30 | AB51: =SUM(Q51:AA51)/20 -> 8.6 | AC51: 50 | AD51: 315 | AE51: =(AC51+AD51)/40 -> 9.125 | AF51: =F51+J51+P51+AB51+AE51 -> 80.002778
A52: SEERA SHAMITH SATHWIK | B52: B25CS049 | C52: seerashamith@iitbhilai.ac.in | D52: =VLOOKUP(B52, 'CSE-Sandeep'!$B$2:$G$61,5) -> 38 | E52: 21 | F52: =0.5*(D52+E52) -> 29.5 | G52: 11 | H52: 14 | I52: 8 | J52: =G52/4+H52/4+I52/9 -> 7.1388889 | K52: 100 | L52: 189 | N52: =max(L52:M52) -> 189 | O52: 90 | P52: =K52/20+N52/40+O52/20 -> 14.225 | Q52: 7 | R52: 6 | T52: 8 | U52: 13 | V52: 15 | W52: 20 | X52: 28 | Y52: 26 | Z52: 28 | AA52: 28 | AB52: =SUM(Q52:AA52)/20 -> 8.95 | AC52: 0 | AD52: 320 | AE52: =(AC52+AD52)/40 -> 8 | AF52: =F52+J52+P52+AB52+AE52 -> 67.813889
A53: SINGH SHREYANSH PRATAP | B53: B25CS050 | C53: shreyanshpra@iitbhilai.ac.in | D53: =VLOOKUP(B53, 'CSE-Sandeep'!$B$2:$G$61,5) -> 46 | E53: 31 | F53: =0.5*(D53+E53) -> 38.5 | G53: 16 | I53: 30 | J53: =G53/4+H53/4+I53/9 -> 7.3333333 | K53: 100 | N53: =max(L53:M53) -> 0 | P53: =K53/20+N53/40+O53/20 -> 5 | Q53: 7 | R53: 9 | T53: 9 | U53: 12 | V53: 12 | W53: 16 | Z53: 30 | AB53: =SUM(Q53:AA53)/20 -> 4.75 | AC53: 10 | AE53: =(AC53+AD53)/40 -> 0.25 | AF53: =F53+J53+P53+AB53+AE53 -> 55.833333
A54: MEGAVATH SIDDHANTH NAIK | B54: B25CS051 | C54: siddhanthnaik@iitbhilai.ac.in | D54: =VLOOKUP(B54, 'CSE-Sandeep'!$B$2:$G$61,5) -> 46 | E54: 30 | F54: =0.5*(D54+E54) -> 38 | G54: 10.5 | H54: 9 | I54: 20 | J54: =G54/4+H54/4+I54/9 -> 7.0972222 | K54: 100 | L54: 179 | N54: =max(L54:M54) -> 179 | O54: 94 | P54: =K54/20+N54/40+O54/20 -> 14.175 | Q54: 7 | R54: 6 | T54: 9 | U54: 11 | V54: 15 | W54: 20 | X54: 26 | Y54: 28 | Z54: 28 | AA54: 29 | AB54: =SUM(Q54:AA54)/20 -> 8.95 | AC54: 10 | AD54: 310 | AE54: =(AC54+AD54)/40 -> 8 | AF54: =F54+J54+P54+AB54+AE54 -> 76.222222
A55: SNIGDHA VENNAPUREDDY | B55: B25CS052 | C55: snigdhavenna@iitbhilai.ac.in | D55: =VLOOKUP(B55, 'CSE-Sandeep'!$B$2:$G$61,5) -> 41 | E55: 21 | F55: =0.5*(D55+E55) -> 31 | G55: 9.5 | H55: 12 | I55: 30 | J55: =G55/4+H55/4+I55/9 -> 8.7083333 | K55: 100 | L55: 100 | M55: 190 | N55: =max(L55:M55) -> 190 | P55: =K55/20+N55/40+O55/20 -> 9.75 | Q55: 6 | R55: 2 | T55: 10 | V55: 10 | W55: 18 | AB55: =SUM(Q55:AA55)/20 -> 2.3 | AC55: 50 | AD55: 290 | AE55: =(AC55+AD55)/40 -> 8.5 | AF55: =F55+J55+P55+AB55+AE55 -> 60.258333
A56: SONALI SINGH | B56: B25CS053 | C56: sonalisingh@iitbhilai.ac.in | D56: =VLOOKUP(B56, 'CSE-Sandeep'!$B$2:$G$61,5) -> 40 | E56: 38 | F56: =0.5*(D56+E56) -> 39 | G56: 6 | H56: 16 | I56: 33 | J56: =G56/4+H56/4+I56/9 -> 9.1666667 | K56: 100 | L56: 186 | N56: =max(L56:M56) -> 186 | O56: 88 | P56: =K56/20+N56/40+O56/20 -> 14.05 | Q56: 7 | R56: 6 | T56: 12 | U56: 14 | V56: 14 | W56: 16 | X56: 24 | Y56: 26 | Z56: 28 | AA56: 29 | AB56: =SUM(Q56:AA56)/20 -> 8.8 | AC56: 0 | AD56: 300 | AE56: =(AC56+AD56)/40 -> 7.5 | AF56: =F56+J56+P56+AB56+AE56 -> 78.516667
A57: SOUMYAJIT DAS | B57: B25CS054 | C57: soumyajitdas@iitbhilai.ac.in | D57: =VLOOKUP(B57, 'CSE-Sandeep'!$B$2:$G$61,5) -> 53 | E57: 37 | F57: =0.5*(D57+E57) -> 45 | G57: 14 | H57: 18 | J57: =G57/4+H57/4+I57/9 -> 8 | K57: 100 | L57: 198 | N57: =max(L57:M57) -> 198 | O57: 94 | P57: =K57/20+N57/40+O57/20 -> 14.65 | Q57: 6 | R57: 8 | T57: 11 | U57: 15 | V57: 15 | W57: 20 | X57: 28 | Y57: 25 | Z57: 30 | AA57: 30 | AB57: =SUM(Q57:AA57)/20 -> 9.4 | AC57: 50 | AD57: 325 | AE57: =(AC57+AD57)/40 -> 9.375 | AF57: =F57+J57+P57+AB57+AE57 -> 86.425
A58: SUBHAMKAR SAHU | B58: B25CS055 | C58: subhamkars@iitbhilai.ac.in | D58: =VLOOKUP(B58, 'CSE-Sandeep'!$B$2:$G$61,5) -> 54 | E58: 36 | F58: =0.5*(D58+E58) -> 45 | G58: 16 | H58: 17 | I58: 27 | J58: =G58/4+H58/4+I58/9 -> 11.25 | K58: 100 | L58: 190 | N58: =max(L58:M58) -> 190 | O58: 92 | P58: =K58/20+N58/40+O58/20 -> 14.35 | Q58: 7 | R58: 6 | T58: 9 | U58: 12 | V58: 15 | W58: 20 | X58: 26 | Y58: 24 | Z58: 29 | AA58: 29 | AB58: =SUM(Q58:AA58)/20 -> 8.85 | AC58: 50 | AD58: 310 | AE58: =(AC58+AD58)/40 -> 9 | AF58: =F58+J58+P58+AB58+AE58 -> 88.45
A59: SUMIRAN VITTHAL AKRE | B59: B25CS056 | C59: sumiranvitthal@iitbhilai.ac.in | D59: =VLOOKUP(B59, 'CSE-Sandeep'!$B$2:$G$61,5) -> 46 | E59: 33 | F59: =0.5*(D59+E59) -> 39.5 | G59: 16 | H59: 19 | I59: 34 | J59: =G59/4+H59/4+I59/9 -> 12.527778 | K59: 100 | L59: 200 | N59: =max(L59:M59) -> 200 | O59: 95 | P59: =K59/20+N59/40+O59/20 -> 14.75 | Q59: 6 | R59: 10 | T59: 13 | U59: 15 | V59: 14 | W59: 20 | X59: 28 | Y59: 30 | Z59: 30 | AA59: 30 | AB59: =SUM(Q59:AA59)/20 -> 9.8 | AC59: 30 | AD59: 340 | AE59: =(AC59+AD59)/40 -> 9.25 | AF59: =F59+J59+P59+AB59+AE59 -> 85.827778
A60: DUGAR SWARNA KANTI | B60: B25CS057 | C60: swarnakanti@iitbhilai.ac.in | D60: =VLOOKUP(B60, 'CSE-Sandeep'!$B$2:$G$61,5) -> 0 | F60: =0.5*(D60+E60) -> 0 | I60: -1 | J60: =G60/4+H60/4+I60/9 -> -0.11111111 | K60: 100 | N60: =max(L60:M60) -> 0 | P60: =K60/20+N60/40+O60/20 -> 5 | Q60: 7 | R60: 10 | U60: 15 | V60: 15 | W60: 20 | AB60: =SUM(Q60:AA60)/20 -> 3.35 | AE60: =(AC60+AD60)/40 -> 0 | AF60: =F60+J60+P60+AB60+AE60 -> 8.2388889
A61: THIAGARAJAN MANICKAM | B61: B25CS059 | C61: thiagarajanma@iitbhilai.ac.in | D61: =VLOOKUP(B61, 'CSE-Sandeep'!$B$2:$G$61,5) -> 49 | E61: 37 | F61: =0.5*(D61+E61) -> 43 | G61: 19 | H61: 17 | I61: 41 | J61: =G61/4+H61/4+I61/9 -> 13.555556 | K61: 100 | L61: 200 | N61: =max(L61:M61) -> 200 | O61: 93 | P61: =K61/20+N61/40+O61/20 -> 14.65 | Q61: 7 | R61: 10 | T61: 7 | U61: 13 | V61: 14 | W61: 18 | X61: 24 | Y61: 26 | Z61: 29 | AA61: 28 | AB61: =SUM(Q61:AA61)/20 -> 8.8 | AC61: 30 | AD61: 290 | AE61: =(AC61+AD61)/40 -> 8 | AF61: =F61+J61+P61+AB61+AE61 -> 88.005556
A62: VAISHNAVI ANIL BAGHELE | B62: B25CS060 | C62: vaishnavianil@iitbhilai.ac.in | D62: =VLOOKUP(B62, 'CSE-Sandeep'!$B$2:$G$61,5) -> 47 | E62: 33 | F62: =0.5*(D62+E62) -> 40 | G62: 14 | H62: 16 | I62: 34 | J62: =G62/4+H62/4+I62/9 -> 11.277778 | K62: 100 | L62: 150 | M62: 190 | N62: =max(L62:M62) -> 190 | O62: 90 | P62: =K62/20+N62/40+O62/20 -> 14.25 | Q62: 7 | R62: 5 | T62: 11 | U62: 15 | V62: 15 | W62: 18 | X62: 26 | Y62: 28 | Z62: 29 | AA62: 28 | AB62: =SUM(Q62:AA62)/20 -> 9.1 | AC62: 50 | AD62: 300 | AE62: =(AC62+AD62)/40 -> 8.75 | AF62: =F62+J62+P62+AB62+AE62 -> 83.377778
A63: Keyush Sai | B63: B25CS061 | C63: velagapudik@iitbhilai.ac.in | D63: =VLOOKUP(B63, 'CSE-Sandeep'!$B$2:$G$61,5) -> 37 | E63: 40 | F63: =0.5*(D63+E63) -> 38.5 | G63: 15 | H63: 0 | I63: 41 | J63: =G63/4+H63/4+I63/9 -> 8.3055556 | K63: 100 | L63: 195 | M63: 0 | N63: =max(L63:M63) -> 195 | O63: 98 | P63: =K63/20+N63/40+O63/20 -> 14.775 | Q63: 6 | R63: 10 | T63: 13 | U63: 15 | V63: 15 | W63: 20 | X63: 28 | Y63: 30 | Z63: 28 | AA63: 29 | AB63: =SUM(Q63:AA63)/20 -> 9.7 | AC63: 50 | AD63: 330 | AE63: =(AC63+AD63)/40 -> 9.5 | AF63: =F63+J63+P63+AB63+AE63 -> 80.780556
A64: Naidu Yedla Sai Manohar | B64: B25CS062 | C64: yedlasaiman@iitbhilai.ac.in | D64: =VLOOKUP(B64, 'CSE-Sandeep'!$B$2:$G$61,5) -> 41 | E64: 31 | F64: =0.5*(D64+E64) -> 36 | G64: 13 | H64: 14 | I64: 12 | J64: =G64/4+H64/4+I64/9 -> 8.0833333 | K64: 95 | L64: 190 | N64: =max(L64:M64) -> 190 | O64: 88 | P64: =K64/20+N64/40+O64/20 -> 13.9 | Q64: 6 | R64: 4 | T64: 7 | U64: 14 | W64: 18 | X64: 24 | Y64: 26 | Z64: 27 | AA64: 28 | AB64: =SUM(Q64:AA64)/20 -> 7.7 | AC64: 10 | AD64: 300 | AE64: =(AC64+AD64)/40 -> 7.75 | AF64: =F64+J64+P64+AB64+AE64 -> 73.433333
A65: SHERWAL ABHISHEK | B65: B25DS001 | C65: abhisheksher@iitbhilai.ac.in | D65: =VLOOKUP(B65,'DSAI-Vikrant'!$B$2:$F$44,5) -> 47 | E65: 34 | F65: =0.5*(D65+E65) -> 40.5 | G65: 14 | H65: 12.5 | I65: 18 | J65: =G65/4+H65/4+I65/9 -> 8.625 | K65: 100 | L65: 159 | N65: =max(L65:M65) -> 159 | O65: 180 | P65: =K65/20+N65/40+O65/20 -> 17.975 | Q65: 7 | R65: 6 | S65: 13 | T65: 8 | U65: 14 | V65: 12.5 | W65: 20 | X65: 28 | Y65: 24 | Z65: 30 | AA65: 28 | AB65: =SUM(Q65:AA65)/20 -> 9.525 | AC65: 35 | AD65: 300 | AE65: =(AC65+AD65)/40 -> 8.375 | AF65: =F65+J65+P65+AB65+AE65 -> 85
A66: ADITYA RAJ | B66: B25DS002 | C66: adityarajds@iitbhilai.ac.in | D66: =VLOOKUP(B66,'DSAI-Vikrant'!$B$2:$F$44,5) -> 30 | E66: 21 | F66: =0.5*(D66+E66) -> 25.5 | G66: 11 | H66: 12 | I66: 29 | J66: =G66/4+H66/4+I66/9 -> 8.9722222 | K66: 96 | L66: 50 | M66: 190 | N66: =max(L66:M66) -> 190 | O66: 80 | P66: =K66/20+N66/40+O66/20 -> 13.55 | Q66: 7 | R66: 5 | S66: 8 | T66: 8 | U66: 14 | V66: 12.5 | W66: 15 | X66: 26 | Y66: 26 | Z66: 29 | AA66: 27 | AB66: =SUM(Q66:AA66)/20 -> 8.875 | AC66: 35 | AD66: 250 | AE66: =(AC66+AD66)/40 -> 7.125 | AF66: =F66+J66+P66+AB66+AE66 -> 64.022222
A67: ANIRUDH BANSAL | B67: B25DS003 | C67: anirudhbansal@iitbhilai.ac.in | D67: =VLOOKUP(B67,'DSAI-Vikrant'!$B$2:$F$44,5) -> 42 | E67: 36 | F67: =0.5*(D67+E67) -> 39 | G67: 16 | H67: 18 | I67: 28 | J67: =G67/4+H67/4+I67/9 -> 11.611111 | K67: 100 | L67: 197 | N67: =max(L67:M67) -> 197 | O67: 100 | P67: =K67/20+N67/40+O67/20 -> 14.925 | Q67: 4 | R67: 8 | S67: 8 | T67: 12 | U67: 12 | V67: 10.5 | W67: 19 | X67: 29 | Y67: 23 | Z67: 30 | AA67: 29 | AB67: =SUM(Q67:AA67)/20 -> 9.225 | AC67: 40 | AD67: 320 | AE67: =(AC67+AD67)/40 -> 9 | AF67: =F67+J67+P67+AB67+AE67 -> 83.761111
A68: SWARNKAR ARSHITA | B68: B25DS004 | C68: arshitaswarnkar@iitbhilai.ac.in | D68: =VLOOKUP(B68,'DSAI-Vikrant'!$B$2:$F$44,5) -> 37 | E68: 32 | F68: =0.5*(D68+E68) -> 34.5 | G68: 14 | H68: 16 | I68: 19 | J68: =G68/4+H68/4+I68/9 -> 9.6111111 | K68: 100 | L68: 180 | N68: =max(L68:M68) -> 180 | O68: 180 | P68: =K68/20+N68/40+O68/20 -> 18.5 | Q68: 0 | R68: 6 | S68: 11 | T68: 4 | U68: 14 | V68: 15 | W68: 14 | X68: 28 | Y68: 26 | Z68: 28 | AA68: 27 | AB68: =SUM(Q68:AA68)/20 -> 8.65 | AC68: 35 | AD68: 300 | AE68: =(AC68+AD68)/40 -> 8.375 | AF68: =F68+J68+P68+AB68+AE68 -> 79.636111
A69: REDDY CHATRALA GOKUL SANJAY | B69: B25DS005 | C69: chatralagokuls@iitbhilai.ac.in | D69: =VLOOKUP(B69,'DSAI-Vikrant'!$B$2:$F$44,5) -> 47 | E69: 24 | F69: =0.5*(D69+E69) -> 35.5 | G69: 19 | H69: 13.5 | I69: 26 | J69: =G69/4+H69/4+I69/9 -> 11.013889 | K69: 95 | L69: 160 | N69: =max(L69:M69) -> 160 | O69: 180 | P69: =K69/20+N69/40+O69/20 -> 17.75 | Q69: 7 | R69: 7 | S69: 9 | T69: 9 | U69: 13 | V69: 15 | W69: 18 | X69: 24 | Y69: 27 | Z69: 30 | AA69: 28 | AB69: =SUM(Q69:AA69)/20 -> 9.35 | AC69: 30 | AD69: 330 | AE69: =(AC69+AD69)/40 -> 9 | AF69: =F69+J69+P69+AB69+AE69 -> 82.613889
A70: DARSH NANDU | B70: B25DS006 | C70: darshnandu@iitbhilai.ac.in | D70: =VLOOKUP(B70,'DSAI-Vikrant'!$B$2:$F$44,5) -> 55 | E70: 32 | F70: =0.5*(D70+E70) -> 43.5 | G70: 12 | H70: 14 | I70: 27 | J70: =G70/4+H70/4+I70/9 -> 9.5 | K70: 93 | L70: 184 | N70: =max(L70:M70) -> 184 | O70: 100 | P70: =K70/20+N70/40+O70/20 -> 14.25 | Q70: 7 | R70: 7 | S70: 12 | T70: 12 | U70: 14 | V70: 14.5 | W70: 18 | X70: 30 | Y70: 30 | Z70: 28 | AA70: 28 | AB70: =SUM(Q70:AA70)/20 -> 10.025 | AC70: 0 | AD70: 270 | AE70: =(AC70+AD70)/40 -> 6.75 | AF70: =F70+J70+P70+AB70+AE70 -> 84.025
A71: DASARI YASHWANTH KUMAR | B71: B25DS007 | C71: dasariyashwan@iitbhilai.ac.in | D71: =VLOOKUP(B71,'DSAI-Vikrant'!$B$2:$F$44,5) -> 4 | E71: 6 | F71: =0.5*(D71+E71) -> 5 | G71: 4 | H71: 7.5 | I71: 4 | J71: =G71/4+H71/4+I71/9 -> 3.3194444 | K71: 93 | L71: 121 | N71: =max(L71:M71) -> 121 | O71: 98 | P71: =K71/20+N71/40+O71/20 -> 12.575 | Q71: 6 | R71: 5 | S71: 6 | T71: 0 | U71: 14 | V71: 14 | W71: 18 | X71: 30 | Y71: 30 | Z71: 27 | AA71: 28 | AB71: =SUM(Q71:AA71)/20 -> 8.9 | AC71: 0 | AD71: 300 | AE71: =(AC71+AD71)/40 -> 7.5 | AF71: =F71+J71+P71+AB71+AE71 -> 37.294444
A72: DEVGANIYA FENIL | B72: B25DS008 | C72: devganiyafenil@iitbhilai.ac.in | D72: =VLOOKUP(B72,'DSAI-Vikrant'!$B$2:$F$44,5) -> 45 | E72: 33 | F72: =0.5*(D72+E72) -> 39 | G72: 16 | H72: 15 | I72: 30 | J72: =G72/4+H72/4+I72/9 -> 11.083333 | K72: 95 | L72: 188 | N72: =max(L72:M72) -> 188 | O72: 100 | P72: =K72/20+N72/40+O72/20 -> 14.45 | Q72: 6 | R72: 9 | S72: 12 | T72: 9 | U72: 14 | V72: 15 | W72: 20 | X72: 30 | Y72: 30 | Z72: 29 | AA72: 28 | AB72: =SUM(Q72:AA72)/20 -> 10.1 | AC72: 35 | AD72: 300 | AE72: =(AC72+AD72)/40 -> 8.375 | AF72: =F72+J72+P72+AB72+AE72 -> 83.008333
A73: DHABBARA VIVEK CHOWDARY | B73: B25DS009 | C73: dhabbaravivek@iitbhilai.ac.in | D73: =VLOOKUP(B73,'DSAI-Vikrant'!$B$2:$F$44,5) -> 20 | E73: 26 | F73: =0.5*(D73+E73) -> 23 | G73: 13 | H73: 2.5 | I73: 8 | J73: =G73/4+H73/4+I73/9 -> 4.7638889 | K73: 95 | L73: 170 | N73: =max(L73:M73) -> 170 | O73: 75 | P73: =K73/20+N73/40+O73/20 -> 12.75 | Q73: 4 | R73: 8 | S73: 10 | T73: 10 | U73: 14 | V73: 13.5 | W73: 20 | X73: 27 | Y73: 21 | AA73: 28 | AB73: =SUM(Q73:AA73)/20 -> 7.775 | AC73: 30 | AD73: 280 | AE73: =(AC73+AD73)/40 -> 7.75 | AF73: =F73+J73+P73+AB73+AE73 -> 56.038889
A74: CHAUDHARY GAURAV | B74: B25DS010 | C74: 100144048226072146150 | D74: =VLOOKUP(B74,'DSAI-Vikrant'!$B$2:$F$44,5) -> 40 | E74: 20 | F74: =0.5*(D74+E74) -> 30 | G74: 10.5 | H74: 9.5 | I74: 23 | J74: =G74/4+H74/4+I74/9 -> 7.5555556 | K74: 95 | L74: 195 | N74: =max(L74:M74) -> 195 | O74: 100 | P74: =K74/20+N74/40+O74/20 -> 14.625 | Q74: 6 | R74: 6 | S74: 9 | T74: 12 | U74: 14 | V74: 14.5 | W74: 20 | X74: 29 | Y74: 30 | Z74: 28 | AA74: 28 | AB74: =SUM(Q74:AA74)/20 -> 9.825 | AC74: 0 | AD74: 270 | AE74: =(AC74+AD74)/40 -> 6.75 | AF74: =F74+J74+P74+AB74+AE74 -> 68.755556
A75: GAUTAM JOGI | B75: B25DS011 | C75: gautamjogi@iitbhilai.ac.in | D75: =VLOOKUP(B75,'DSAI-Vikrant'!$B$2:$F$44,5) -> 33 | E75: 15 | F75: =0.5*(D75+E75) -> 24 | G75: 9 | H75: 8 | I75: 16 | J75: =G75/4+H75/4+I75/9 -> 6.0277778 | K75: 90 | L75: 160 | N75: =max(L75:M75) -> 160 | O75: 100 | P75: =K75/20+N75/40+O75/20 -> 13.5 | Q75: 7 | R75: 6 | S75: 6 | T75: 7 | U75: 13 | V75: 13 | W75: 0 | X75: 26 | Y75: 26 | Z75: 30 | AB75: =SUM(Q75:AA75)/20 -> 6.7 | AC75: 35 | AD75: 300 | AE75: =(AC75+AD75)/40 -> 8.375 | AF75: =F75+J75+P75+AB75+AE75 -> 58.602778
A76: GORLE ASHISH | B76: B25DS012 | C76: gorleashish@iitbhilai.ac.in | D76: =VLOOKUP(B76,'DSAI-Vikrant'!$B$2:$F$44,5) -> 47 | E76: 31 | F76: =0.5*(D76+E76) -> 39 | G76: 14 | H76: 16 | I76: 28 | J76: =G76/4+H76/4+I76/9 -> 10.611111 | K76: 95 | L76: 174 | N76: =max(L76:M76) -> 174 | O76: 100 | P76: =K76/20+N76/40+O76/20 -> 14.1 | Q76: 6 | R76: 6 | S76: 5 | T76: 4 | U76: 12 | V76: 13 | W76: 15 | X76: 26 | Y76: 24 | Z76: 27 | AA76: 28 | AB76: =SUM(Q76:AA76)/20 -> 8.3 | AC76: 30 | AD76: 200 | AE76: =(AC76+AD76)/40 -> 5.75 | AF76: =F76+J76+P76+AB76+AE76 -> 77.761111
A77: Shukla Harshita | B77: B25DS013 | C77: harshitashuk@iitbhilai.ac.in | D77: =VLOOKUP(B77,'DSAI-Vikrant'!$B$2:$F$44,5) -> 53 | E77: 19 | F77: =0.5*(D77+E77) -> 36 | G77: 8 | H77: 13.5 | I77: 30 | J77: =G77/4+H77/4+I77/9 -> 8.7083333 | K77: 100 | L77: 185 | N77: =max(L77:M77) -> 185 | O77: 90 | P77: =K77/20+N77/40+O77/20 -> 14.125 | Q77: 7 | R77: 7 | S77: 11 | T77: 8 | U77: 13 | V77: 13 | W77: 18 | X77: 24 | Y77: 26 | Z77: 28 | AA77: 28 | AB77: =SUM(Q77:AA77)/20 -> 9.15 | AC77: 30 | AD77: 290 | AE77: =(AC77+AD77)/40 -> 8 | AF77: =F77+J77+P77+AB77+AE77 -> 75.983333
A78: JAYDEEP PAUL | B78: B25DS014 | C78: jaydeeppaul@iitbhilai.ac.in | D78: =VLOOKUP(B78,'DSAI-Vikrant'!$B$2:$F$44,5) -> 51 | E78: 32 | F78: =0.5*(D78+E78) -> 41.5 | G78: 9 | H78: 17.5 | I78: 32 | J78: =G78/4+H78/4+I78/9 -> 10.180556 | K78: 95 | L78: 186 | N78: =max(L78:M78) -> 186 | O78: 95 | P78: =K78/20+N78/40+O78/20 -> 14.15 | Q78: 7 | R78: 10 | S78: 9 | T78: 12 | U78: 14 | V78: 12 | W78: 18 | X78: 25 | Y78: 25 | Z78: 29 | AA78: 28 | AB78: =SUM(Q78:AA78)/20 -> 9.45 | AC78: 50 | AD78: 300 | AE78: =(AC78+AD78)/40 -> 8.75 | AF78: =F78+J78+P78+AB78+AE78 -> 84.030556
A79: KAMIREDDI JASWANTH KUMAR | B79: B25DS015 | C79: kamireddijasw@iitbhilai.ac.in | D79: =VLOOKUP(B79,'DSAI-Vikrant'!$B$2:$F$44,5) -> 55 | E79: 28 | F79: =0.5*(D79+E79) -> 41.5 | G79: 16 | H79: 16.5 | I79: 35 | J79: =G79/4+H79/4+I79/9 -> 12.013889 | K79: 100 | L79: 190 | N79: =max(L79:M79) -> 190 | O79: 90 | P79: =K79/20+N79/40+O79/20 -> 14.25 | Q79: 7 | R79: 6 | S79: 12 | T79: 10 | U79: 15 | V79: 14 | W79: 20 | X79: 24 | Y79: 26 | Z79: 28 | AA79: 28 | AB79: =SUM(Q79:AA79)/20 -> 9.5 | AC79: 0 | AD79: 310 | AE79: =(AC79+AD79)/40 -> 7.75 | AF79: =F79+J79+P79+AB79+AE79 -> 85.013889
A80: Vojanth Raj | B80: B25DS016 | C80: komalivojanth@iitbhilai.ac.in | D80: =VLOOKUP(B80,'DSAI-Vikrant'!$B$2:$F$44,5) -> 38 | E80: 24 | F80: =0.5*(D80+E80) -> 31 | G80: 8 | H80: 8.5 | I80: 23 | J80: =G80/4+H80/4+I80/9 -> 6.6805556 | K80: 85 | L80: 145 | N80: =max(L80:M80) -> 145 | O80: 85 | P80: =K80/20+N80/40+O80/20 -> 12.125 | Q80: 5 | R80: 4 | S80: 10 | T80: 6 | U80: 15 | V80: 13 | W80: 15 | X80: 24 | Y80: 24 | Z80: 29 | AA80: 27 | AB80: =SUM(Q80:AA80)/20 -> 8.6 | AC80: 30 | AD80: 280 | AE80: =(AC80+AD80)/40 -> 7.75 | AF80: =F80+J80+P80+AB80+AE80 -> 66.155556
A81: KORADA BHARATH CHANDRA | B81: B25DS017 | C81: koradabharath@iitbhilai.ac.in | D81: =VLOOKUP(B81,'DSAI-Vikrant'!$B$2:$F$44,5) -> 36 | E81: 28 | F81: =0.5*(D81+E81) -> 32 | G81: 6 | H81: 11.5 | I81: 23 | J81: =G81/4+H81/4+I81/9 -> 6.9305556 | K81: 78 | L81: 170 | N81: =max(L81:M81) -> 170 | O81: 95 | P81: =K81/20+N81/40+O81/20 -> 12.9 | Q81: 4 | R81: 8 | S81: 6 | T81: 10 | U81: 12 | V81: 14 | W81: 16 | X81: 27 | Y81: 28 | Z81: 27 | AA81: 28 | AB81: =SUM(Q81:AA81)/20 -> 9 | AC81: 20 | AD81: 270 | AE81: =(AC81+AD81)/40 -> 7.25 | AF81: =F81+J81+P81+AB81+AE81 -> 68.080556
A82: Kushal Radia | B82: B25DS018 | C82: 110908319107819631743 | D82: =VLOOKUP(B82,'DSAI-Vikrant'!$B$2:$F$44,5) -> 56 | E82: 32 | F82: =0.5*(D82+E82) -> 44 | G82: 13 | H82: 16 | I82: 32 | J82: =G82/4+H82/4+I82/9 -> 10.805556 | K82: 90 | L82: 200 | N82: =max(L82:M82) -> 200 | O82: 99 | P82: =K82/20+N82/40+O82/20 -> 14.45 | Q82: 7 | R82: 8 | S82: 12 | T82: 8 | U82: 15 | V82: 12 | W82: 20 | X82: 27 | Y82: 25 | Z82: 30 | AA82: 30 | AB82: =SUM(Q82:AA82)/20 -> 9.7 | AC82: 50 | AD82: 280 | AE82: =(AC82+AD82)/40 -> 8.25 | AF82: =F82+J82+P82+AB82+AE82 -> 87.205556
A83: ROHITH LANKIPALLI | B83: B25DS019 | C83: lankipallirohith@iitbhilai.ac.in | D83: =VLOOKUP(B83,'DSAI-Vikrant'!$B$2:$F$44,5) -> 39 | E83: 17 | F83: =0.5*(D83+E83) -> 28 | G83: 8 | H83: 4 | I83: 15 | J83: =G83/4+H83/4+I83/9 -> 4.6666667 | K83: 90 | L83: 170 | N83: =max(L83:M83) -> 170 | O83: 90 | P83: =K83/20+N83/40+O83/20 -> 13.25 | Q83: 6 | R83: 5 | S83: 0 | T83: 3 | U83: 14 | V83: 15 | W83: 20 | X83: 25 | Y83: 24 | Z83: 30 | AA83: 28 | AB83: =SUM(Q83:AA83)/20 -> 8.5 | AC83: 35 | AD83: 280 | AE83: =(AC83+AD83)/40 -> 7.875 | AF83: =F83+J83+P83+AB83+AE83 -> 62.291667
A84: MALOTHU AKASH | B84: B25DS020 | C84: malothuakash@iitbhilai.ac.in | D84: =VLOOKUP(B84,'DSAI-Vikrant'!$B$2:$F$44,5) -> 47 | E84: 25 | F84: =0.5*(D84+E84) -> 36 | G84: 9 | H84: 11.5 | I84: 8 | J84: =G84/4+H84/4+I84/9 -> 6.0138889 | K84: 95 | L84: 0 | M84: 185 | N84: =max(L84:M84) -> 185 | O84: 80 | P84: =K84/20+N84/40+O84/20 -> 13.375 | Q84: 6 | R84: 2 | S84: 8 | T84: 8 | U84: 13 | V84: 12 | W84: 18 | X84: 26 | Y84: 24 | Z84: 28 | AA84: 28 | AB84: =SUM(Q84:AA84)/20 -> 8.65 | AC84: 0 | AD84: 300 | AE84: =(AC84+AD84)/40 -> 7.5 | AF84: =F84+J84+P84+AB84+AE84 -> 71.538889
A85: REWAR MANDEEP | B85: B25DS021 | C85: mandeeprewar@iitbhilai.ac.in | D85: =VLOOKUP(B85,'DSAI-Vikrant'!$B$2:$F$44,5) -> 45 | E85: 20 | F85: =0.5*(D85+E85) -> 32.5 | G85: 6 | H85: 5 | I85: 25 | J85: =G85/4+H85/4+I85/9 -> 5.5277778 | K85: 95 | L85: 175 | N85: =max(L85:M85) -> 175 | O85: 85 | P85: =K85/20+N85/40+O85/20 -> 13.375 | Q85: 7 | R85: 5 | S85: 10 | U85: 14 | V85: 13 | W85: 20 | X85: 26 | Y85: 24 | Z85: 28 | AA85: 27 | AB85: =SUM(Q85:AA85)/20 -> 8.7 | AC85: 10 | AD85: 270 | AE85: =(AC85+AD85)/40 -> 7 | AF85: =F85+J85+P85+AB85+AE85 -> 67.102778
A86: Mansu Khute | B86: B25DS022 | C86: 110717464809716125269 | D86: =VLOOKUP(B86,'DSAI-Vikrant'!$B$2:$F$44,5) -> 20 | E86: 11 | F86: =0.5*(D86+E86) -> 15.5 | G86: 6 | H86: 5 | I86: 0 | J86: =G86/4+H86/4+I86/9 -> 2.75 | K86: 90 | L86: 160 | N86: =max(L86:M86) -> 160 | O86: 94 | P86: =K86/20+N86/40+O86/20 -> 13.2 | Q86: 7 | R86: 6 | S86: 7 | T86: 7 | U86: 13 | V86: 12 | W86: 17 | X86: 22 | Y86: 26 | Z86: 28 | AA86: 28 | AB86: =SUM(Q86:AA86)/20 -> 8.65 | AC86: 50 | AD86: 300 | AE86: =(AC86+AD86)/40 -> 8.75 | AF86: =F86+J86+P86+AB86+AE86 -> 48.85
A87: MEHUL ARORA | B87: B25DS023 | C87: mehularora@iitbhilai.ac.in | D87: =VLOOKUP(B87,'DSAI-Vikrant'!$B$2:$F$44,5) -> 48 | E87: 29 | F87: =0.5*(D87+E87) -> 38.5 | G87: 15 | H87: 13 | I87: 35.5 | J87: =G87/4+H87/4+I87/9 -> 10.944444 | K87: 90 | L87: 200 | N87: =max(L87:M87) -> 200 | O87: 92 | P87: =K87/20+N87/40+O87/20 -> 14.1 | Q87: 7 | R87: 9 | S87: 11 | T87: 7 | U87: 15 | V87: 15 | W87: 20 | X87: 30 | Y87: 30 | Z87: 29 | AA87: 27 | AB87: =SUM(Q87:AA87)/20 -> 10 | AC87: 10 | AD87: 335 | AE87: =(AC87+AD87)/40 -> 8.625 | AF87: =F87+J87+P87+AB87+AE87 -> 82.169444
A88: REDDY MEKALA REDDY VARDHAN | B88: B25DS024 | C88: mekalavardhan@iitbhilai.ac.in | D88: =VLOOKUP(B88,'DSAI-Vikrant'!$B$2:$F$44,5) -> 46 | E88: 37 | F88: =0.5*(D88+E88) -> 41.5 | G88: 18 | H88: 17.5 | I88: 17 | J88: =G88/4+H88/4+I88/9 -> 10.763889 | K88: 100 | L88: 200 | N88: =max(L88:M88) -> 200 | O88: 88 | P88: =K88/20+N88/40+O88/20 -> 14.4 | Q88: 4 | R88: 7 | S88: 13 | T88: 13 | U88: 13 | V88: 15 | W88: 20 | X88: 30 | Y88: 27 | Z88: 29 | AA88: 28 | AB88: =SUM(Q88:AA88)/20 -> 9.95 | AC88: 25 | AD88: 320 | AE88: =(AC88+AD88)/40 -> 8.625 | AF88: =F88+J88+P88+AB88+AE88 -> 85.238889
A89: Mohit Kolhe | B89: B25DS025 | C89: mohitjitendra@iitbhilai.ac.in | D89: =VLOOKUP(B89,'DSAI-Vikrant'!$B$2:$F$44,5) -> 42 | E89: 40 | F89: =0.5*(D89+E89) -> 41 | G89: 8.5 | H89: 16.5 | I89: 29 | J89: =G89/4+H89/4+I89/9 -> 9.4722222 | K89: 100 | L89: 200 | N89: =max(L89:M89) -> 200 | O89: 90 | P89: =K89/20+N89/40+O89/20 -> 14.5 | R89: 8 | S89: 12 | T89: 7 | U89: 15 | V89: 14 | W89: 20 | X89: 30 | Y89: 29 | Z89: 27 | AA89: 29 | AB89: =SUM(Q89:AA89)/20 -> 9.55 | AC89: 20 | AD89: 45 | AE89: =(AC89+AD89)/40 -> 1.625 | AF89: =F89+J89+P89+AB89+AE89 -> 76.147222
A90: NITISHA DESHMUKH | B90: B25DS027 | C90: nitishadesh@iitbhilai.ac.in | D90: =VLOOKUP(B90,'DSAI-Vikrant'!$B$2:$F$44,5) -> 48 | E90: 26 | F90: =0.5*(D90+E90) -> 37 | G90: 11 | H90: 16.5 | I90: 33 | J90: =G90/4+H90/4+I90/9 -> 10.541667 | K90: 95 | L90: 196 | N90: =max(L90:M90) -> 196 | O90: 91 | P90: =K90/20+N90/40+O90/20 -> 14.2 | Q90: 7 | R90: 7 | S90: 9 | T90: 8 | U90: 15 | V90: 15 | W90: 15 | X90: 29 | Y90: 22 | Z90: 29 | AA90: 28 | AB90: =SUM(Q90:AA90)/20 -> 9.2 | AC90: 30 | AD90: 310 | AE90: =(AC90+AD90)/40 -> 8.5 | AF90: =F90+J90+P90+AB90+AE90 -> 79.441667
A91: OM DWIVEDI | B91: B25DS028 | C91: omdwivedi@iitbhilai.ac.in | D91: =VLOOKUP(B91,'DSAI-Vikrant'!$B$2:$F$44,5) -> 43 | E91: 35 | F91: =0.5*(D91+E91) -> 39 | G91: 15 | H91: 18.5 | I91: 36 | J91: =G91/4+H91/4+I91/9 -> 12.375 | K91: 90 | L91: 192 | N91: =max(L91:M91) -> 192 | O91: 93 | P91: =K91/20+N91/40+O91/20 -> 13.95 | Q91: 7 | R91: 7 | S91: 0 | T91: 8 | U91: 13 | V91: 15 | W91: 20 | X91: 29 | Y91: 26 | Z91: 29 | AA91: 29 | AB91: =SUM(Q91:AA91)/20 -> 9.15 | AC91: 50 | AD91: 330 | AE91: =(AC91+AD91)/40 -> 9.5 | AF91: =F91+J91+P91+AB91+AE91 -> 83.975
A92: Pandu Harshitha | B92: B25DS029 | C92: panduharshi@iitbhilai.ac.in | D92: =VLOOKUP(B92,'DSAI-Vikrant'!$B$2:$F$44,5) -> 52 | E92: 27 | F92: =0.5*(D92+E92) -> 39.5 | G92: 14 | H92: 14 | I92: 20.5 | J92: =G92/4+H92/4+I92/9 -> 9.2777778 | K92: 95 | L92: 199 | N92: =max(L92:M92) -> 199 | O92: 95 | P92: =K92/20+N92/40+O92/20 -> 14.475 | Q92: 7 | R92: 3 | S92: 8 | T92: 0 | U92: 15 | V92: 15 | W92: 20 | X92: 30 | Y92: 28 | Z92: 28 | AA92: 28 | AB92: =SUM(Q92:AA92)/20 -> 9.1 | AC92: 10 | AD92: 335 | AE92: =(AC92+AD92)/40 -> 8.625 | AF92: =F92+J92+P92+AB92+AE92 -> 80.977778
A93: Praveen | B93: B25DS030 | C93: praveenbeh@iitbhilai.ac.in | D93: =VLOOKUP(B93,'DSAI-Vikrant'!$B$2:$F$44,5) -> 43 | E93: 35 | F93: =0.5*(D93+E93) -> 39 | G93: 14.5 | H93: 19 | I93: 34 | J93: =G93/4+H93/4+I93/9 -> 12.152778 | K93: 80 | L93: 192 | N93: =max(L93:M93) -> 192 | O93: 86 | P93: =K93/20+N93/40+O93/20 -> 13.1 | Q93: 6 | R93: 6 | S93: 12 | T93: 8 | U93: 13 | V93: 13 | W93: 20 | X93: 26 | Y93: 23 | Z93: 29 | AA93: 28 | AB93: =SUM(Q93:AA93)/20 -> 9.2 | AC93: 40 | AD93: 330 | AE93: =(AC93+AD93)/40 -> 9.25 | AF93: =F93+J93+P93+AB93+AE93 -> 82.702778
A94: RAMAVATH GEETHIKA | B94: B25DS032 | C94: ramavathge@iitbhilai.ac.in | D94: =VLOOKUP(B94,'DSAI-Vikrant'!$B$2:$F$44,5) -> 35 | E94: 17 | F94: =0.5*(D94+E94) -> 26 | G94: 3 | H94: 10.5 | I94: 21 | J94: =G94/4+H94/4+I94/9 -> 5.7083333 | K94: 90 | L94: 0 | M94: 165 | N94: =max(L94:M94) -> 165 | O94: 85 | P94: =K94/20+N94/40+O94/20 -> 12.875 | Q94: 7 | R94: 3 | S94: 7 | T94: 6 | U94: 14 | V94: 12 | W94: 15 | X94: 28 | Y94: 30 | Z94: 30 | AB94: =SUM(Q94:AA94)/20 -> 7.6 | AC94: 50 | AD94: 340 | AE94: =(AC94+AD94)/40 -> 9.75 | AF94: =F94+J94+P94+AB94+AE94 -> 61.933333
A95: VIGNESH S | B95: B25DS033 | C95: svignesh@iitbhilai.ac.in | D95: =VLOOKUP(B95,'DSAI-Vikrant'!$B$2:$F$44,5) -> 15 | E95: 18 | F95: =0.5*(D95+E95) -> 16.5 | G95: 7 | H95: 0 | I95: 5.5 | J95: =G95/4+H95/4+I95/9 -> 2.3611111 | K95: 30 | L95: 165 | N95: =max(L95:M95) -> 165 | O95: 0 | P95: =K95/20+N95/40+O95/20 -> 5.625 | R95: 4 | S95: 8 | T95: 4 | U95: 15 | V95: 15 | W95: 15 | X95: 0 | Y95: 0 | Z95: 30 | AA95: 26 | AB95: =SUM(Q95:AA95)/20 -> 5.85 | AC95: 10 | AD95: 310 | AE95: =(AC95+AD95)/40 -> 8 | AF95: =F95+J95+P95+AB95+AE95 -> 38.336111
A96: SHARVARI BHUTE | B96: B25DS034 | C96: sharvarib@iitbhilai.ac.in | D96: =VLOOKUP(B96,'DSAI-Vikrant'!$B$2:$F$44,5) -> 44 | E96: 34 | F96: =0.5*(D96+E96) -> 39 | G96: 10 | H96: 12.5 | I96: 17.5 | J96: =G96/4+H96/4+I96/9 -> 7.5694444 | K96: 90 | L96: 174 | N96: =max(L96:M96) -> 174 | O96: 90 | P96: =K96/20+N96/40+O96/20 -> 13.35 | Q96: 6 | R96: 9 | S96: 7 | T96: 7 | U96: 15 | V96: 15 | W96: 20 | X96: 28 | Y96: 29 | Z96: 29 | AA96: 29 | AB96: =SUM(Q96:AA96)/20 -> 9.7 | AC96: 50 | AD96: 335 | AE96: =(AC96+AD96)/40 -> 9.625 | AF96: =F96+J96+P96+AB96+AE96 -> 79.244444
A97: R SHIVANGI | B97: B25DS035 | C97: shivangir@iitbhilai.ac.in | D97: =VLOOKUP(B97,'DSAI-Vikrant'!$B$2:$F$44,5) -> 45 | E97: 29 | F97: =0.5*(D97+E97) -> 37 | G97: 13 | H97: 14 | I97: 32 | J97: =G97/4+H97/4+I97/9 -> 10.305556 | K97: 95 | L97: 137 | N97: =max(L97:M97) -> 137 | O97: 86 | P97: =K97/20+N97/40+O97/20 -> 12.475 | Q97: 7 | R97: 6 | S97: 14 | T97: 12 | U97: 14 | V97: 15 | W97: 14 | X97: 30 | Y97: 22 | Z97: 28 | AA97: 28 | AB97: =SUM(Q97:AA97)/20 -> 9.5 | AC97: 20 | AD97: 330 | AE97: =(AC97+AD97)/40 -> 8.75 | AF97: =F97+J97+P97+AB97+AE97 -> 78.030556
A98: SHREY JAIN | B98: B25DS036 | C98: shreyjain@iitbhilai.ac.in | D98: =VLOOKUP(B98,'DSAI-Vikrant'!$B$2:$F$44,5) -> 48 | E98: 37 | F98: =0.5*(D98+E98) -> 42.5 | G98: 16 | H98: 14.5 | I98: 33.5 | J98: =G98/4+H98/4+I98/9 -> 11.347222 | K98: 85 | L98: 194 | N98: =max(L98:M98) -> 194 | O98: 88 | P98: =K98/20+N98/40+O98/20 -> 13.5 | Q98: 7 | R98: 7 | S98: 13 | T98: 12 | U98: 13 | V98: 12 | W98: 19 | X98: 29 | Y98: 26 | Z98: 29 | AA98: 29 | AB98: =SUM(Q98:AA98)/20 -> 9.8 | AC98: 50 | AD98: 330 | AE98: =(AC98+AD98)/40 -> 9.5 | AF98: =F98+J98+P98+AB98+AE98 -> 86.647222
A99: SIDDHANT VIJAY PUNEKAR | B99: B25DS037 | C99: siddhantvijay@iitbhilai.ac.in | D99: =VLOOKUP(B99,'DSAI-Vikrant'!$B$2:$F$44,5) -> 30 | E99: 3 | F99: =0.5*(D99+E99) -> 16.5 | H99: 11 | I99: 10 | J99: =G99/4+H99/4+I99/9 -> 3.8611111 | K99: 100 | L99: 100 | N99: =max(L99:M99) -> 100 | O99: 80 | P99: =K99/20+N99/40+O99/20 -> 11.5 | Q99: 7 | R99: 4 | S99: 8 | T99: 7 | U99: 15 | V99: 15 | W99: 19 | X99: 0 | Y99: 0 | Z99: 30 | AA99: 28 | AB99: =SUM(Q99:AA99)/20 -> 6.65 | AC99: 30 | AD99: 335 | AE99: =(AC99+AD99)/40 -> 9.125 | AF99: =F99+J99+P99+AB99+AE99 -> 47.636111
A100: SHARMA TEJASVI | B100: B25DS038 | C100: tejasvisharma@iitbhilai.ac.in | D100: =VLOOKUP(B100,'DSAI-Vikrant'!$B$2:$F$44,5) -> 18 | E100: 22 | F100: =0.5*(D100+E100) -> 20 | G100: 8 | H100: 7 | I100: 6 | J100: =G100/4+H100/4+I100/9 -> 4.4166667 | K100: 75 | L100: 0 | M100: 175 | N100: =max(L100:M100) -> 175 | O100: 87 | P100: =K100/20+N100/40+O100/20 -> 12.475 | Q100: 7 | S100: 8 | T100: 0 | U100: 14 | V100: 14 | W100: 20 | X100: 0 | Y100: 0 | Z100: 28 | AA100: 30 | AB100: =SUM(Q100:AA100)/20 -> 6.05 | AC100: 30 | AD100: 320 | AE100: =(AC100+AD100)/40 -> 8.75 | AF100: =F100+J100+P100+AB100+AE100 -> 51.691667
...

Sheet CSE-Sandeep
A1: NAME | B1: ID | C1: Section A | D1: Section B | E1: Section C | F1: Total | G1: Section D | H1: Feedback
A2: Abhinav | B2: B25CS002 | C2: 24 | D2: 10 | E2: 11 | F2: =SUM(C2:E2) -> 45 | G2: C
A3: Adhia Soham Mehulbahi | B3: B25CS003 | C3: 20 | D3: 12 | E3: 4 | F3: =SUM(C3:E3) -> 36 | G3: B
A4: Aditya jaiswal | B4: B25CS004 | C4: 24 | D4: 15 | E4: 11 | F4: =SUM(C4:E4) -> 50 | G4: C
A5: Akshat Kansal | B5: B25CS005 | C5: 14 | D5: 13 | E5: 10 | F5: =SUM(C5:E5) -> 37 | G5: C
A6: Ankit Gyen | B6: B25CS006 | C6: 22 | D6: 14 | E6: 10 | F6: =SUM(C6:E6) -> 46 | G6: 0
A7: A Raghupathi Reddy | B7: B25CS007 | C7: 13 | D7: 7 | E7: 4 | F7: =SUM(C7:E7) -> 24 | G7: C
A8: Aryamaan Singh | B8: B25CS008 | C8: 20 | D8: 13 | E8: 14 | F8: =SUM(C8:E8) -> 47 | G8: C
A9: Aryan Deshmukh | B9: B25CS009 | C9: 17 | D9: 13 | E9: 10 | F9: =SUM(C9:E9) -> 40 | G9: A
A10: Aryaveer Singh Rauat | B10: B25CS010 | C10: 20 | D10: 14 | E10: 17 | F10: =SUM(C10:E10) -> 51 | G10: B
A11: Bhargav Sharma | B11: B25CS011 | C11: 20 | D11: 13 | E11: 13 | F11: =SUM(C11:E11) -> 46 | G11: B
A12: Bhavya Khandelwal | B12: B25CS012 | C12: 24 | D12: 12 | E12: 14 | F12: =SUM(C12:E12) -> 50 | G12: C
A13: Boda Nitesh | B13: B25CS013 | C13: 23 | D13: 9 | E13: 6 | F13: =SUM(C13:E13) -> 38 | G13: C
A14: Dipa Saha | B14: B25CS014 | C14: 10 | D14: 8 | E14: 5 | F14: =SUM(C14:E14) -> 23 | G14: C
A15: Dishank Verma | B15: B25CS015 | C15: 15 | D15: 5 | E15: 1 | F15: =SUM(C15:E15) -> 21 | G15: C
A16: Divyansh Kori | B16: B25CS016 | C16: 24 | D16: 13 | E16: 17 | F16: =SUM(C16:E16) -> 54 | G16: C
A17: FARUKH HUSSAIN | B17: B25CS017 | C17: 21 | D17: 10 | E17: 10 | F17: =SUM(C17:E17) -> 41 | G17: C
A18: Gandi Navya | B18: B25CS018 | C18: 24 | D18: 10 | E18: 9 | F18: =SUM(C18:E18) -> 43 | G18: C
... A33: Naman Ayush Abhay | B33: B25CS033 | C33: 23 | D33: 14 | E33: 15 | F33: =SUM(C33:E33) -> 52 | G33: A
A34: Naman Gupta | B34: B25CS034 | C34: 22 | D34: 14 | E34: 8 | F34: =SUM(C34:E34) -> 44 | G34: B | H34: Good understanding of the concepts, attending classes would help in application
A35: Navanil Ghosh | B35: B25CS035 | C35: 21 | D35: 14 | E35: 9 | F35: =SUM(C35:E35) -> 44 | G35: A | H35: You have potential to do better. Please solve the practice problems set and build a good application
A36: Nishchal jain | B36: B25CS036 | C36: 24 | D36: 13 | E36: 13 | F36: =SUM(C36:E36) -> 50 | G36: B | H36: Good understanding of the concepts, building a real world project working with end users will help you
A37: Palavalasa Pawan Teja | B37: B25CS037 | C37: 24 | D37: 15 | E37: 14 | F37: =SUM(C37:E37) -> 53 | G37: B | H37: Good understanding of the concepts, building a real world project working with end users will help you
A38: Partyavath Sai Kiran | B38: B25CS038 | C38: 17 | D38: 5 | E38: 5 | F38: =SUM(C38:E38) -> 27 | G38: B
A39: Piyush Das | B39: B25CS039 | C39: 24 | D39: 15 | E39: 18 | F39: =SUM(C39:E39) -> 57 | G39: A | H39: Thank you for being such a good student. Lets continue to work together for welfare of society.
A40: Polinedi Reshmita | B40: B25CS040 | C40: 16 | D40: 8 | E40: 3 | F40: =SUM(C40:E40) -> 27 | G40: C | H40: You have potential to do better. Please solve the practice problems set again to get confidence
A41: Pranav Gore | B41: B25CS041 | C41: 23 | D41: 14 | E41: 15 | F41: =SUM(C41:E41) -> 52 | G41: B | H41: You could have gained more by attending the classes towards the end of the course. Your engagement was down after mid-sem break
A42: R Saketh | B42: B25CS042 | C42: 22 | D42: 12 | E42: 14 | F42: =SUM(C42:E42) -> 48 | G42: B
A43: Rathod Lavanya | B43: B25CS043 | C43: 11 | D43: 2 | E43: 2 | F43: =SUM(C43:E43) -> 15 | G43: B
A44: Ratish Anand | B44: B25CS044 | C44: 22 | D44: 15 | E44: 13 | F44: =SUM(C44:E44) -> 50 | G44: B
A45: Rima Pradhan | B45: B25CS045 | C45: 17 | D45: 13 | E45: 13 | F45: =SUM(C45:E45) -> 43 | G45: C
A46: Rohit | B46: B25CS046 | C46: 22 | D46: 12 | E46: 12 | F46: =SUM(C46:E46) -> 46 | G46: B
A47: Sanmi Sanket Kamble | B47: B25CS047 | C47: 22 | D47: 12 | E47: 14 | F47: =SUM(C47:E47) -> 48 | G47: B
A48: Sankalp Wankhede | B48: B25CS048 | C48: 23 | D48: 10 | E48: 13 | F48: =SUM(C48:E48) -> 46 | G48: C
A49: Shamith Sathwik | B49: B25CS049 | C49: 20 | D49: 8 | E49: 10 | F49: =SUM(C49:E49) -> 38 | G49: B
A50: Shneyash Singh | B50: B25CS050 | C50: 21 | D50: 13 | E50: 12 | F50: =SUM(C50:E50) -> 46 | G50: C
A51: Siddhanth Naik megavath | B51: B25CS051 | C51: 23 | D51: 10 | E51: 13 | F51: =SUM(C51:E51) -> 46 | G51: C
A52: Snigha Vennapureddy | B52: B25CS052 | C52: 24 | D52: 10 | E52: 7 | F52: =SUM(C52:E52) -> 41 | G52: C
A53: Sonali Singh | B53: B25CS053 | C53: 19 | D53: 13 | E53: 8 | F53: =SUM(C53:E53) -> 40 | G53: C
... A56: Sumiran Akre | B56: B25CS056 | C56: 21 | D56: 14 | E56: 11 | F56: =SUM(C56:E56) -> 46 | G56: B
A57: SWARNA KANTI DUGAR | B57: B25CS057 | F57: =SUM(C57:E57) -> 0
A58: Tiagarajan manicham | B58: B25CS059 | C58: 23 | D58: 14 | E58: 12 | F58: =SUM(C58:E58) -> 49 | G58: C
A59: Vaishnavi Baghele | B59: B25CS060 | C59: 23 | D59: 10 | E59: 14 | F59: =SUM(C59:E59) -> 47 | G59: B
A60: Keyush Velagapudi | B60: B25CS061 | C60: 18 | D60: 13 | E60: 6 | F60: =SUM(C60:E60) -> 37 | G60: C
A61: Y Sai Manohar Naidu | B61: B25CS062 | C61: 23 | D61: 10 | E61: 8 | F61: =SUM(C61:E61) -> 41 | G61: C
F62: =SUM(C62:E62) -> 0
F63: =SUM(C63:E63) -> 0
F64: =SUM(C64:E64) -> 0
F65: =SUM(C65:E65) -> 0

Sheet DSAI-Vikrant
A1: NAME | B1: ID | C1: Section A | D1: Section B | E1: Section C | F1: Total | G1: Section D | H1: Feedback
A2: ABHISHEK SHERWAL | B2: B25DS001 | C2: 21 | D2: 11 | E2: 15 | F2: =SUM(C2:E2) -> 47 | G2: B
A3: ADITYA RAJ | B3: B25DS002 | C3: 10 | D3: 11 | E3: 9 | F3: =SUM(C3:E3) -> 30 | G3: C
A4: ANIRUDH BANSAL | B4: B25DS003 | C4: 21 | D4: 8 | E4: 13 | F4: =SUM(C4:E4) -> 42 | G4: A
A5: ARSHITA SWARNKAR | B5: B25DS004 | C5: 19 | D5: 10 | E5: 8 | F5: =SUM(C5:E5) -> 37 | G5: C
A6: CHATRALA GOKUL SANJAY REDDY | B6: B25DS005 | C6: 20 | D6: 11 | E6: 16 | F6: =SUM(C6:E6) -> 47 | G6: B
A7: DARSH NANDU | B7: B25DS006 | C7: 24 | D7: 14 | E7: 17 | F7: =SUM(C7:E7) -> 55 | G7: B
A8: DASARI YASHWANTH KUMAR | B8: B25DS007 | C8: 2 | D8: 0 | E8: 2 | F8: =SUM(C8:E8) -> 4 | G8: B
A9: DEVGANIYA FENIL NILESHBHAI | B9: B25DS008 | C9: 20 | D9: 13 | E9: 12 | F9: =SUM(C9:E9) -> 45 | G9: A
A10: DHABBARA VIVEK CHOWDARY | B10: B25DS009 | C10: 12 | D10: 4 | E10: 4 | F10: =SUM(C10:E10) -> 20 | G10: C | H10: You need more practice. You can do very well.
A11: GAURAV CHAUDHARY | B11: B25DS010 | C11: 17 | D11: 11 | E11: 12 | F11: =SUM(C11:E11) -> 40 | G11: C | H11: Making some applications for real-world problems will help you
A12: GAUTAM JOGI | B12: B25DS011 | C12: 21 | D12: 5 | E12: 7 | F12: =SUM(C12:E12) -> 33 | G12: A
A13: GORLE ASHISH | B13: B25DS012 | C13: 22 | D13: 15 | E13: 10 | F13: =SUM(C13:E13) -> 47 | G13: C | H13: More practice may help you improve speed. You have done well.
A14: HARSHITA SHUKLA | B14: B25DS013 | C14: 23 | D14: 14 | E14: 16 | F14: =SUM(C14:E14) -> 53 | G14: C | H14: Excellent in studies. Try to help someone with your knowledge.
A15: JAYDEEP PAUL | B15: B25DS014 | C15: 23 | D15: 11 | E15: 17 | F15: =SUM(C15:E15) -> 51 | G15: C | H15: Excellent in studies. Apply your knowledge to help someone.
A16: KAMIREDDI JASWANTH KUMAR | B16: B25DS015 | C16: 24 | D16: 14 | E16: 17 | F16: =SUM(C16:E16) -> 55 | G16: B | H16: You make a "s" like the number 5. very neat work. Shows your clarity and confidence. Best wishes
A17: KOMALI VOJANTH RAJ | B17: B25DS016 | C17: 20 | D17: 10 | E17: 8 | F17: =SUM(C17:E17) -> 38 | G17: B | H17: Need practice with real-world applications
A18: KORADA BHARATH CHANDRA | B18: B25DS017 | C18: 22 | D18: 8 | E18: 6 | F18: =SUM(C18:E18) -> 36 | G18: B | H18: I am happy with your improvement in the course. You have potential to do better. Please solve the practice problems on your own.
A19: KUSHAL RADIA | B19: B25DS018 | C19: 23 | D19: 14 | E19: 19 | F19: =SUM(C19:E19) -> 56 | G19: B | H19: Very well done in the course. Best wishes.
A20: LANKIPALLI ROHITH | B20: B25DS019 | C20: 21 | D20: 10 | E20: 8 | F20: =SUM(C20:E20) -> 39 | G20: C | H20: You have potential to do better. Please solve the practice problems on your own.
A21: MALOTHU AKASH | B21: B25DS020 | C21: 20 | D21: 11 | E21: 16 | F21: =SUM(C21:E21) -> 47 | G21: C | H21: We need to know the big picture and the role we can play in it. Try to help someone with your knowledge.
A22: MANDEEP REWAR | B22: B25DS021 | C22: 21 | D22: 12 | E22: 12 | F22: =SUM(C22:E22) -> 45
A23: MANSU KHUTE | B23: B25DS022 | C23: 10 | D23: 4 | E23: 6 | F23: =SUM(C23:E23) -> 20 | G23: A
A24: MEHUL ARORA | B24: B25DS023 | C24: 20 | D24: 13 | E24: 15 | F24: =SUM(C24:E24) -> 48
A25: MEKALA REDDY VARDHAN REDDY | B25: B25DS024 | C25: 20 | D25: 13 | E25: 13 | F25: =SUM(C25:E25) -> 46
A26: MOHIT JITENDRA KOLHE | B26: B25DS025 | C26: 19 | D26: 11 | E26: 12 | F26: =SUM(C26:E26) -> 42
A27: NEELISETTY VENKATA RITHWIK | B27: B25DS026 | C27: 17 | D27: 5 | E27: 9 | F27: =SUM(C27:E27) -> 31
A28: NITISHA DESHMUKH | B28: B25DS027 | C28: 22 | D28: 13 | E28: 13 | F28: =SUM(C28:E28) -> 48
A29: OM DWIVEDI | B29: B25DS028 | C29: 16 | D29: 11 | E29: 16 | F29: =SUM(C29:E29) -> 43
A30: PANDU HARSHITHA | B30: B25DS029 | C30: 22 | D30: 13 | E30: 17 | F30: =SUM(C30:E30) -> 52
A31: PRAVEEN BEHARA | B31: B25DS030 | C31: 19 | D31: 11 | E31: 13 | F31: =SUM(C31:E31) -> 43
A32: RAJVEER DUKIYA | B32: B25DS031 | C32: 18 | D32: 9 | E32: 8 | F32: =SUM(C32:E32) -> 35
A33: RAMAVATH GEETHIKA | B33: B25DS032 | C33: 14 | D33: 12 | E33: 9 | F33: =SUM(C33:E33) -> 35 | G33: B
A34: S VIGNESH | B34: B25DS033 | C34: 12 | D34: 3 | E34: 0 | F34: =SUM(C34:E34) -> 15
A35: SHARVARI | B35: B25DS034 | C35: 20 | D35: 12 | E35: 12 | F35: =SUM(C35:E35) -> 44
A36: SHIVANGI R | B36: B25DS035 | C36: 24 | D36: 9 | E36: 12 | F36: =SUM(C36:E36) -> 45
A37: SHREY JAIN | B37: B25DS036 | C37: 21 | D37: 14 | E37: 13 | F37: =SUM(C37:E37) -> 48
A38: SIDDHANT VIJAY PUNEKAR | B38: B25DS037 | C38: 18 | D38: 10 | E38: 2 | F38: =SUM(C38:E38) -> 30 | G38: A
A39: TEJASVI SHARMA | B39: B25DS038 | C39: 18 | D39: 0 | E39: 0 | F39: =SUM(C39:E39) -> 18
A40: VAIBHAV | B40: B25DS039 | C40: 20 | D40: 14 | E40: 14 | F40: =SUM(C40:E40) -> 48
A41: VANGALA ARJUN | B41: B25DS040 | C41: 19 | D41: 13 | E41: 14 | F41: =SUM(C41:E41) -> 46
A42: VELAVALAPALLI ANJANA | B42: B25DS041 | C42: 18 | D42: 6 | E42: 3 | F42: =SUM(C42:E42) -> 27 | G42: B
A43: VISHESH DAYLA | B43: B25DS042 | C43: 13 | D43: 14 | E43: 12 | F43: =SUM(C43:E43) -> 39
A44: YOG ANIL DAMAHE | B44: B25DS043 | C44: 20 | D44: 10 | E44: 15 | F44: =SUM(C44:E44) -> 45
F45: =SUM(C45:E45) -> 0
F46: =SUM(C46:E46) -> 0
F47: =SUM(C47:E47) -> 0
F48: =SUM(C48:E48) -> 0
F49: =SUM(C49:E49) -> 0
F50: =SUM(C50:E50) -> 0
F51: =SUM(C51:E51) -> 0
F52: =SUM(C52:E52) -> 0
F53: =SUM(C53:E53) -> 0
F54: =SUM(C54:E54) -> 0
F55: =SUM(C55:E55) -> 0
F56: =SUM(C56:E56) -> 0
... F65: =SUM(C65:E65) -> 0

Sheet MSC-Vikrant
A1: NAME | B1: ID | C1: Section A | D1: Section B | E1: Section C | F1: Total | G1: Section D | H1: Feedback
A2: aditya | B2: s25ma001 | C2: 13 | D2: 5 | E2: 2 | F2: =SUM(C2:E2) -> 20 | G2: B
A3: aanand | B3: s25ma002 | C3: 8 | D3: 11 | E3: 10 | F3: =SUM(C3:E3) -> 29 | G3: B
A4: DISABEN | B4: S25MA004 | C4: 10 | D4: 8 | E4: 10 | F4: 28 | G4: C
A5: keval | B5: s25ma008 | C5: 20 | D5: 11 | E5: 9 | F5: =SUM(C5:E5) -> 40 | G5: B
A6: ningthoujam | B6: s25ma010 | C6: 19 | D6: 10 | E6: 1 | F6: =SUM(C6:E6) -> 30 | G6: B
A7: nitish | B7: S25ma011 | C7: 8 | D7: 3 | E7: 0 | F7: =SUM(C7:E7) -> 11 | G7: 0 | H7: Supplementary
A8: romit | B8: S25MA013 | C8: 24 | D8: 6 | E8: 0 | F8: =SUM(C8:E8) -> 30 | G8: B
A9: SHUBHAM | B9: S25MA014 | C9: 11 | D9: 7 | E9: 3 | F9: 21 | G9: C
A10: TEJASWINEE | B10: S25MA015 | C10: 11 | D10: 5 | E10: 9 | F10: 25 | G10: C
A11: v supriya | B11: S25MA016 | C11: 19 | D11: 15 | E11: 11 | F11: =SUM(C11:E11) -> 45 | G11: B
A12: Wrijesh | B12: S25MA017 | C12: 7 | D12: 3 | E12: 5 | F12: =SUM(C12:E12) -> 15 | G12: 0 | H12: Supplementary
A13: Stuti | B13: S25MA018 | C13: 25 | D13: 11 | E13: 10 | F13: =SUM(C13:E13) -> 46 | G13: A | H13: You were very attentive in class and made efforts. Keep it up!
F14: =SUM(C14:E14) -> 0
F15: =SUM(C15:E15) -> 0
F16: =SUM(C16:E16) -> 0
F17: =SUM(C17:E17) -> 0
F18: =SUM(C18:E18) -> 0
F19: =SUM(C19:E19) -> 0
F20: =SUM(C20:E20) -> 0
F21: =SUM(C21:E21) -> 0
F22: =SUM(C22:E22) -> 0
F23: =SUM(C23:E23) -> 0
F24: =SUM(C24:E24) -> 0
F25: =SUM(C25:E25) -> 0
... F68: =SUM(C68:E68) -> 0

Sheet ME-Subhashree
A1: NAME | B1: ID | C1: Section A | D1: Section B | E1: Section C | F1: Total | G1: Section D | H1: Feedback
A2: AADARSH YOVRAJ SINGH CHOUHAN | B2: B25ME001 | C2: 15 | D2: 13 | E2: 9 | F2: =SUM(C2:E2) -> 37 | G2: C
A3: AARJAV JAIN | B3: B25ME002 | C3: 25 | D3: 13 | E3: 15 | F3: =SUM(C3:E3) -> 53 | G3: C
A4: ADARSH DHAKAD | B4: B25ME003 | C4: 15 | D4: 5 | E4: 6 | F4: =SUM(C4:E4) -> 26 | G4: 0
A5: ADHI AGRAWAL | B5: B25ME004 | C5: 23 | D5: 8 | E5: 8 | F5: =SUM(C5:E5) -> 39 | G5: B
A6: ADWAITH ANOOP | B6: B25ME005 | C6: 18 | D6: 10 | E6: 7 | F6: =SUM(C6:E6) -> 35 | G6: C
A7: AJJARAPU ATCHUTA RAMS | B7: B25ME006 | C7: 18 | D7: 11 | E7: 7 | F7: =SUM(C7:E7) -> 36 | G7: A
A8: ALAHARI VENKATA NAGA DINESH ABHIRAM | B8: B25ME007 | C8: 19 | D8: 12 | E8: 8 | F8: =SUM(C8:E8) -> 39 | G8: B
A9: ANISH KUMAR MISHRA | B9: B25ME008 | C9: 23 | D9: 13 | E9: 5 | F9: =SUM(C9:E9) -> 41 | G9: A
A10: ANUBHAV NARVARIYA | B10: B25ME009 | C10: 18 | D10: 10 | E10: 7 | F10: =SUM(C10:E10) -> 35 | G10: 0
A11: ANUJ KUMAR | B11: B25ME010 | C11: 24 | D11: 13 | E11: 16 | F11: =SUM(C11:E11) -> 53 | G11: A
A12: ARPIT PANDEY | B12: B25ME011 | C12: 18 | D12: 14 | E12: 8 | F12: =SUM(C12:E12) -> 40 | G12: A
A13: ARUSHI RAWAT | B13: B25ME012 | C13: 21 | D13: 14 | E13: 8 | F13: =SUM(C13:E13) -> 43 | G13: B
A14: ASHTAPUTRE ANANYA ABHAY | B14: B25ME013 | C14: 23 | D14: 13 | E14: 10 | F14: =SUM(C14:E14) -> 46 | G14: B
A15: ATHARVA SANJIV SHILE | B15: B25ME014 | C15: 22 | D15: 12 | E15: 9 | F15: =SUM(C15:E15) -> 43 | G15: A
A16: BABLU KUMAR BUNKER | B16: B25ME016 | C16: 19 | D16: 4 | E16: 4 | F16: =SUM(C16:E16) -> 27 | G16: C
A17: BAGADI VIVEKANANDA | B17: B25ME017 | C17: 22 | D17: 10 | E17: 9 | F17: =SUM(C17:E17) -> 41 | G17: A
A18: BEDANGA DAS | B18: B25ME018 | C18: 25 | D18: 14 | E18: 6 | F18: =SUM(C18:E18) -> 45 | G18: B
A19: BHANAVATHU PANDU | B19: B25ME019 | C19: 19 | D19: 3 | E19: 2 | F19: =SUM(C19:E19) -> 24 | G19: C
A20: BODA ABHILASH | B20: B25ME021 | C20: 14 | D20: 7 | E20: 4 | F20: =SUM(C20:E20) -> 25 | G20: B
A21: CHITTETI SWARUSH REDDY | B21: B25ME022 | C21: 21 | D21: 10 | E21: 6 | F21: =SUM(C21:E21) -> 37 | G21: B
A22: DASARI ABHINAV SURYATEJ | B22: B25ME023 | C22: 5 | D22: 0 | E22: 0 | F22: =SUM(C22:E22) -> 5 | G22: C
... A36: KORRAPATI KARTHIKEYA | B36: B25ME037 | C36: 18 | D36: 6 | E36: 5 | F36: =SUM(C36:E36) -> 29 | G36: A
A37: KOTANNA GARI BHARGAV SHASHANK | B37: B25ME038 | C37: 4 | D37: 0 | E37: 2 | F37: =SUM(C37:E37) -> 6 | G37: 0
A38: KRISH SHEORAN | B38: B25ME039 | C38: 21 | D38: 9 | E38: 8 | F38: =SUM(C38:E38) -> 38 | G38: B
A39: MANAN GARG | B39: B25ME041 | C39: 17 | D39: 6 | E39: 3 | F39: =SUM(C39:E39) -> 26 | G39: B
A40: MANGALARAM SUSHEEL REDDY | B40: B25ME042 | C40: 16 | D40: 6 | E40: 5 | F40: =SUM(C40:E40) -> 27 | G40: B
A41: MATTA KAVYA SUDHA | B41: B25ME043 | C41: 21 | D41: 10 | E41: 9 | F41: =SUM(C41:E41) -> 40
A42: NUSI DEVENDAR REDDY | B42: B25ME045 | C42: 22 | D42: 10 | E42: 12 | F42: =SUM(C42:E42) -> 44 | G42: B
A43: PODILA SYAMBABU | B43: B25ME046 | C43: 23 | D43: 9 | E43: 10 | F43: =SUM(C43:E43) -> 42 | G43: A
A44: PRATYUSH SRIVASTAVA | B44: B25ME047 | C44: 19 | D44: 8 | E44: 2 | F44: =SUM(C44:E44) -> 29 | G44: B
A45: PRIYANKA SAMIR BHANARKAR | B45: B25ME048 | C45: 22 | D45: 14 | E45: 12 | F45: =SUM(C45:E45) -> 48 | G45: B
A46: RAJNANDINEE PRASHANT JADHAV | B46: B25ME049 | C46: 21 | D46: 13 | E46: 13 | F46: =SUM(C46:E46) -> 47 | G46: A
A47: RAPARTHI ABHILASH | B47: B25ME050 | C47: 20 | D47: 12 | E47: 2 | F47: =SUM(C47:E47) -> 34 | G47: B
A48: RHIDAM JAIN | B48: B25ME051 | C48: 24 | D48: 12 | E48: 4 | F48: =SUM(C48:E48) -> 40 | G48: B
A49: ROHIT SONI | B49: B25ME052 | C49: 15 | D49: 4 | E49: 0 | F49: =SUM(C49:E49) -> 19 | G49: B
A50: SHAONI MISTRY | B50: B25ME054 | C50: 25 | D50: 10 | E50: 12 | F50: =SUM(C50:E50) -> 47 | G50: B
A51: SHAURYA SRIVASTAV | B51: B25ME055 | C51: 16 | D51: 12 | E51: 6 | F51: =SUM(C51:E51) -> 34 | G51: B
A52: SHIVAM SRIVASTAVA | B52: B25ME056 | C52: 24 | D52: 10 | E52: 16 | F52: =SUM(C52:E52) -> 50 | G52: A
A53: SOUVIK MANDAL | B53: B25ME057 | C53: 22 | D53: 9 | E53: 5 | F53: =SUM(C53:E53) -> 36 | G53: C
... A56: VENNA YASWANTH SATYA SAI DURGA PRASAD | B56: B25ME060 | C56: 22 | D56: 11 | E56: 8 | F56: =SUM(C56:E56) -> 41 | G56: A
F57: =SUM(C57:E57) -> 0
F58: =SUM(C58:E58) -> 0
F59: =SUM(C59:E59) -> 0
F60: =SUM(C60:E60) -> 0

Sheet EE-Nitin
A1: NAME | B1: ID | C1: Section A | D1: Section B | E1: Section C | F1: Total | G1: Section D | H1: Feedback
A2: ABEER ARORA | B2: B25EE001 | C2: 18 | D2: 12 | E2: 8 | F2: =SUM(C2:E2) -> 38 | G2: C
A3: ABHISHEK KUMAR | B3: B25EE002 | C3: 12 | D3: 7 | E3: 7 | F3: =SUM(C3:E3) -> 26 | G3: C
A4: ABHISHEK SINGH | B4: B25EE003 | C4: 22 | D4: 15 | E4: 10 | F4: =SUM(C4:E4) -> 47 | G4: B
A5: ABHYUDAY SRIVASTAVA | B5: B25EE004 | C5: 25 | D5: 10 | E5: 8 | F5: =SUM(C5:E5) -> 43 | G5: C
A6: ADITYA RAJ | B6: B25EE005 | C6: 18 | D6: 8 | E6: 4 | F6: =SUM(C6:E6) -> 30 | G6: B
A7: ANALA NIKHILA ROYAL | B7: B25EE006 | C7: 22 | D7: 9 | E7: 7 | F7: =SUM(C7:E7) -> 38 | G7: B
A8: ANIMESH RAGHAV SINGH | B8: B25EE007 | C8: 24 | D8: 11 | E8: 14 | F8: =SUM(C8:E8) -> 49 | G8: B
A9: ANKIT PAL | B9: B25EE008 | F9: =SUM(C9:E9) -> 0
A10: ANUSHKA RATH | B10: B25EE009 | C10: 22 | D10: 14 | E10: 11 | F10: =SUM(C10:E10) -> 47 | G10: A
A11: ARPIT SINGH | B11: B25EE011 | C11: 24 | D11: 13 | E11: 11 | F11: =SUM(C11:E11) -> 48 | G11: B
A12: ARYAN JORWAL | B12: B25EE012 | C12: 15 | D12: 8 | E12: 3 | F12: =SUM(C12:E12) -> 26 | G12: A
A13: BANDARUPALLI LAKSHMI HASINI | B13: B25EE013 | C13: 21 | D13: 11 | E13: 14 | F13: =SUM(C13:E13) -> 46 | G13: A
A14: BHUKYA PAVAN | B14: B25EE014 | C14: 11 | D14: 0 | E14: 4 | F14: =SUM(C14:E14) -> 15 | G14: C
A15: BILLA SRIDULA | B15: B25EE015 | C15: 20 | D15: 14 | E15: 6 | F15: =SUM(C15:E15) -> 40 | G15: B
A16: CHANDRAGIRI VENKAT SOURYA | B16: B25EE016 | C16: 20 | D16: 9 | E16: 4 | F16: =SUM(C16:E16) -> 33 | G16: 0
A17: CHENNUPATI LAKSHMI PRASANNA | B17: B25EE017 | C17: 18 | D17: 10 | E17: 11 | F17: =SUM(C17:E17) -> 39 | G17: A
A18: DEGALA JASWANTHI | B18: B25EE018 | C18: 21 | D18: 5 | E18: 10 | F18: =SUM(C18:E18) -> 36
A19: DYAVA SANJAY | B19: B25EE019 | C19: 18 | D19: 14 | E19: 10 | F19: =SUM(C19:E19) -> 42
A20: HEMAL KETAN DEDHIA | B20: B25EE020 | C20: 23 | D20: 13 | E20: 15 | F20: =SUM(C20:E20) -> 51 | G20: B
A21: ISHAN SINGH ANAND | B21: B25EE021 | C21: 19 | D21: 13 | E21: 13 | F21: =SUM(C21:E21) -> 45 | G21: B
A22: KAIBADA ROHITH | B22: B25EE022 | C22: 16 | D22: 13 | E22: 12 | F22: =SUM(C22:E22) -> 41
A23: KAIF ALI | B23: B25EE023 | C23: 16 | D23: 6 | E23: 9 | F23: =SUM(C23:E23) -> 31
A24: KAMIREDDY BHARATH KUMAR REDDY | B24: B25EE024 | C24: 18 | D24: 10 | E24: 14 | F24: =SUM(C24:E24) -> 42
A25: KETHAVATH SRAVANTHI | B25: B25EE025 | C25: 16 | D25: 8 | E25: 9 | F25: =SUM(C25:E25) -> 33 | G25: C
A26: KISHAN JALAN | B26: B25EE026 | C26: 22 | D26: 11 | E26: 13 | F26: =SUM(C26:E26) -> 46
A27: LAKSHYA SONI | B27: B25EE027 | C27: 16 | D27: 10 | E27: 11 | F27: =SUM(C27:E27) -> 37
A28: MANNE SATHVIK | B28: B25EE028 | C28: 21 | D28: 11 | E28: 11 | F28: =SUM(C28:E28) -> 43 | G28: B
A29: MOHAMMAD AQUIB HUSAIN SHAIKH | B29: B25EE029 | C29: 20 | D29: 10 | E29: 12 | F29: =SUM(C29:E29) -> 42
A30: NAKKA AARADHYA | B30: B25EE030 | C30: 10 | D30: 8 | E30: 7 | F30: =SUM(C30:E30) -> 25 | G30: C
A31: NAMAN CHANDWANI | B31: B25EE031 | C31: 14 | D31: 11 | E31: 11 | F31: =SUM(C31:E31) -> 36 | G31: A
A32: NANCY SAHU | B32: B25EE032 | C32: 20 | D32: 12 | E32: 11 | F32: =SUM(C32:E32) -> 43 | G32: A
A33: NINAD KAMBLE | B33: B25EE033 | C33: 18 | D33: 10 | E33: 5 | F33: =SUM(C33:E33) -> 33 | G33: B
A34: NITIN | B34: B25EE034 | C34: 21 | D34: 12 | E34: 14 | F34: =SUM(C34:E34) -> 47
A35: PADALA LAHARI | B35: B25EE035 | C35: 24 | D35: 15 | E35: 16 | F35: =SUM(C35:E35) -> 55
A36: PALAK JAIN | B36: B25EE036 | C36: 22 | D36: 15 | E36: 14 | F36: =SUM(C36:E36) -> 51
A37: PATEL DEVANSH BHAVNISHKUMAR | B37: B25EE037 | C37: 16 | D37: 13 | E37: 15 | F37: =SUM(C37:E37) -> 44
A38: PENUBODI MANOJ SRI VASTAV | B38: B25EE038 | C38: 19 | D38: 12 | E38: 12 | F38: =SUM(C38:E38) -> 43
A39: PIYUSH SINGHAL | B39: B25EE039 | C39: 17 | D39: 12 | E39: 7 | F39: =SUM(C39:E39) -> 36
A40: POTHUMUDI PRADEEP KUMAR | B40: B25EE040 | C40: 12 | D40: 0 | E40: 0 | F40: =SUM(C40:E40) -> 12 | G40: C
A41: PRIYANSHU JAISWAL | B41: B25EE042 | C41: 23 | D41: 13 | E41: 15 | F41: =SUM(C41:E41) -> 51
A42: PURUSHOTHAM PARTHA SARADHI | B42: B25EE043 | C42: 21 | D42: 13 | E42: 14 | F42: =SUM(C42:E42) -> 48
A43: RAHUL GAUTAM PATIL | B43: B25EE044 | C43: 16 | D43: 14 | E43: 5 | F43: =SUM(C43:E43) -> 35 | G43: A
A44: RAJ DWIVEDI | B44: B25EE045 | C44: 21 | D44: 13 | E44: 10 | F44: =SUM(C44:E44) -> 44
A45: RANJIT KUMAR | B45: B25EE046 | C45: 15 | D45: 8 | E45: 12 | F45: =SUM(C45:E45) -> 35
A46: ROHIT J PILLAI | B46: B25EE048 | C46: 19 | D46: 13 | E46: 12 | F46: =SUM(C46:E46) -> 44
A47: SANIL SAHA | B47: B25EE049 | C47: 21 | D47: 13 | E47: 11 | F47: =SUM(C47:E47) -> 45
A48: SARVESH S PATIL | B48: B25EE050 | C48: 17 | D48: 10 | E48: 8 | F48: =SUM(C48:E48) -> 35 | G48: B
A49: SAUMITRA KUMAR | B49: B25EE051 | C49: 17 | D49: 7 | E49: 5 | F49: =SUM(C49:E49) -> 29
A50: SHIVAM KUMAR GUPTA | B50: B25EE052 | C50: 15 | D50: 12 | E50: 10 | F50: =SUM(C50:E50) -> 37
A51: SHUBHAM ASARE | B51: B25EE053 | C51: 18 | D51: 12 | E51: 6 | F51: =SUM(C51:E51) -> 36 | G51: C
A52: SHUBHAM KUMAR | B52: B25EE054 | C52: 15 | D52: 7 | E52: 0 | F52: =SUM(C52:E52) -> 22
A53: VARADA YAMINI | B53: B25EE056 | C53: 20 | D53: 13 | E53: 15 | F53: =SUM(C53:E53) -> 48
A54: VARANASI TARUN SAI | B54: B25EE057 | C54: 21 | D54: 13 | E54: 12 | F54: =SUM(C54:E54) -> 46
A55: VEDANT | B55: B25EE058 | C55: 18 | D55: 12 | E55: 10 | F55: =SUM(C55:E55) -> 40
A56: VIVEK WALIKAR | B56: B25EE059 | C56: 10 | D56: 7 | E56: 12 | F56: =SUM(C56:E56) -> 29
A57: YASH VARDHAN SINGH | B57: B25EE060 | C57: 19 | D57: 13 | E57: 2 | F57: =SUM(C57:E57) -> 34
F58: =SUM(C58:E58) -> 0
F59: =SUM(C59:E59) -> 0
F60: =SUM(C60:E60) -> 0
F61: =SUM(C61:E61) -> 0
F62: =SUM(C62:E62) -> 0
F63: =SUM(C63:E63) -> 0

Sheet EC-Nitin
A1: NAME | B1: ID | C1: Section A | D1: Section B | E1: Section C | F1: Total | G1: Section D | H1: Feedback
A2: ABBIREDDY AJAYA RAGHAVENDRA REDDY | B2: B25EC001 | C2: 17 | D2: 6 | E2: 9 | F2: =SUM(C2:E2) -> 32 | H2: Basics are not clear. He needs to improve basics and practice more questions.
A3: ABDUL KARIM | B3: B25EC002 | C3: 18 | D3: 12 | E3: 15 | F3: =SUM(C3:E3) -> 45 | H3: Needs to practice more. He is confused about the use of global and local variables.
A4: ADEM GANGAIAHGARI NEHA REDDY | B4: B25EC003 | C4: 20 | D4: 12 | E4: 15 | F4: =SUM(C4:E4) -> 47 | H4: He needs to practice more questions.
A5: ANJANA PADHY | B5: B25EC004 | C5: 19 | D5: 11 | E5: 13 | F5: =SUM(C5:E5) -> 43 | H5: He needs to focus on the basics.
A6: ANKI REDDY PALLI OBULA REDDY | B6: B25EC005 | C6: 19 | D6: 13 | E6: 9 | F6: =SUM(C6:E6) -> 41 | G6: C | H6: He needs to work harder
A7: ANSHUMAN MAHARANA | B7: B25EC006 | C7: 22 | D7: 12 | E7: 12 | F7: =SUM(C7:E7) -> 46 | G7: A | H7: Good performance. Made some silly mistakes in questions.
A8: ARITRA RAJWAR | B8: B25EC007 | C8: 19 | D8: 10 | E8: 3 | F8: =SUM(C8:E8) -> 32 | G8: B | H8: No clear understanding of the concept of recursion. He needs to focus on improving his logic building skill.
A9: ARPITA GUPTA | B9: B25EC008 | C9: 17 | D9: 13 | E9: 14 | F9: =SUM(C9:E9) -> 44 | G9: B | H9: Good performance. Concept is clear. Made some minor mistakes in Section B
A10: BAVIRISETTI JAYAVARDHAN | B10: B25EC009 | C10: 23 | D10: 15 | E10: 11 | F10: =SUM(C10:E10) -> 49 | G10: A | H10: Thorough understanding of the concept. But needs to practice more.
A11: BOLLEDDU CHANDU | B11: B25EC010 | C11: 7 | D11: 3 | E11: 3 | F11: =SUM(C11:E11) -> 13 | G11: C | H11: Very poor understanding of the concept. He needs to pay more attention in class.
A12: DHANAVATH SHIVA CHANDRA | B12: B25EC011 | C12: 14 | D12: 3 | E12: 3 | F12: =SUM(C12:E12) -> 20 | H12: Basics are not clear. He needs to improve basics and practice more questions.
A13: DILRAJ MEENA | B13: B25EC012 | C13: 22 | D13: 13 | E13: 9 | F13: =SUM(C13:E13) -> 44 | G13: C | H13: The basics are not clear. He needs to improve his basics and practice more questions.
A14: DIVYAM RAJ | B14: B25EC013 | C14: 24 | D14: 22 | E14: 6 | F14: =SUM(C14:E14) -> 52 | G14: C | H14: Overall good performance. However, he should not cram up the code and should be attentive while solving questions.
A15: EVAAN BUX | B15: B25EC014 | C15: 19 | D15: 13 | E15: 12 | F15: =SUM(C15:E15) -> 44 | G15: C | H15: Very good performance, but he needs to pay more attention to questions to avoid making silly mistakes.
A16: GADDE NEEHARIKA | B16: B25EC015 | C16: 23 | D16: 15 | E16: 9 | F16: =SUM(C16:E16) -> 47 | G16: B | H16: Good performance in both sections. Made some silly mistakes in section B.
A17: GUMMALA VENKATA DHANUSH KUMAR | B17: B25EC016 | F17: =SUM(C17:E17) -> 0 | H17: absent
A18: HALDANKAR AARYA VINOD | B18: B25EC017 | C18: 22 | D18: 13 | E18: 6 | F18: =SUM(C18:E18) -> 41 | G18: B | H18: Logic needs to be improved. Simply thinking.
